Date,Open Price,High Price,Low Price,Close Price,Volume
2024-01-01,13791.979030901231,13802.262405405065,13772.54474982858,13791.798648389607,3588279
2024-01-02,13922.028927071497,13940.314229667312,13911.043980654702,13920.946651181064,1603318
2024-01-03,13874.251021530708,13892.133773612417,13861.599788916252,13875.955978345044,3161062
2024-01-04,13861.569198174238,13874.159549615271,13846.618638717693,13861.795152579403,1752648
2024-01-05,13804.94769515081,13822.034462350464,13786.482350219576,13802.893372544908,4075628
2024-01-08,13857.567646529595,13869.716192593845,13842.515989414367,13859.041197665547,2794829
2024-01-09,13947.019940870634,13957.423242481149,13929.539593477219,13944.887378068734,2366639
2024-01-10,14035.504124900312,14047.515490326216,14024.114525847823,14044.977814288799,3048566
2024-01-11,14101.684009237419,14113.470298004962,14089.159871107653,14093.663688876657,1736648
2024-01-12,14096.779040910882,14110.15652087823,14079.461279960506,14094.19672047063,2544718
2024-01-15,14083.48586470788,14097.670359679634,14071.838524619003,14080.211929591758,1397348
2024-01-16,14004.888278466291,14019.973667381268,13991.374719119742,14008.6947305277,3486449
2024-01-17,14111.6341026179,14126.401641372982,14098.985440039763,14104.607681256144,4187326
2024-01-18,14140.02561773393,14152.732363793584,14126.527000791706,14141.36124584377,2535604
2024-01-19,14120.360070143815,14130.651776829556,14103.276829653036,14113.814061084555,1498515
2024-01-22,14191.684125453485,14207.735141675856,14178.005653642056,14189.199588328353,1938055
2024-01-23,14147.955254888435,14161.912703186908,14132.402621662355,14139.925171406929,3058591
2024-01-24,14173.183092242387,14186.169813816263,14162.183773471843,14171.851413913048,3434196
2024-01-25,14169.434992555565,14188.10440298387,14151.38481562322,14175.167111955,1026296
2024-01-26,14206.238074339219,14223.7055074172,14192.539188082737,14207.996404332322,3056296
2024-01-29,14207.913741972518,14226.491397456242,14191.428400382185,14212.098301008586,4294866
2024-01-30,14140.20606981738,14155.155897764504,14122.95217380076,14147.377244892463,4305692
2024-01-31,14148.807252925155,14160.116565446422,14136.710643704038,14149.732382499344,3697017
2024-02-01,14206.055737389139,14223.017951750351,14187.208987539605,14202.319471784665,3827102
2024-02-02,14209.382385032994,14221.443122832365,14193.220142516924,14209.667893750559,2650037
2024-02-05,14252.907084423534,14267.31938111445,14238.61983300602,14250.248126328663,3566661
2024-02-06,14205.380321058095,14216.030328947585,14193.556969222313,14202.271535668464,4210499
2024-02-07,14208.797059860797,14227.050143885028,14189.374050481785,14200.612633185312,3597162
2024-02-08,14182.280691049924,14193.540097460398,14164.730009008608,14183.766340689925,4042140
2024-02-09,14224.317578671573,14243.348553742066,14212.23733304424,14225.862930514906,1099074
2024-02-12,14230.558018809552,14249.200324832167,14217.180911062309,14234.101109176318,1523136
2024-02-13,14269.704914606096,14284.350742250488,14251.608172025215,14262.799647494818,2468907
2024-02-14,14328.710340472764,14346.154022515804,14311.75356384061,14331.133531326785,3778550
2024-02-15,14367.887218332226,14384.081669070407,14350.229375405068,14363.345816047062,3658062
2024-02-16,14386.114495261532,14404.14525168491,14371.702484239402,14387.215324353647,2346606
2024-02-19,14340.750015085363,14355.068066093221,14323.58525245894,14343.715789432277,3017364
2024-02-20,14345.131001368596,14362.989086211039,14331.266064139956,14351.081371736662,4286701
2024-02-21,14322.970324040693,14337.594892211344,14310.85769487131,14324.116143178742,3939961
2024-02-22,14310.23392242426,14329.643580302689,14293.907152075846,14302.934711025733,1082910
2024-02-23,14295.94637788094,14310.810098889191,14276.186238624952,14308.462221607375,2229510
2024-02-26,14251.361053316006,14265.987246035344,14238.255043602054,14260.850439670065,3478288
2024-02-27,14157.876304923795,14175.72702353943,14143.26660900167,14163.110190394991,1513271
2024-02-28,14128.822007704446,14147.037784622054,14112.081993993748,14125.793870399946,1505042
2024-02-29,14142.813968625933,14158.358859769145,14127.398905804708,14142.310921978416,3261030
2024-03-01,14079.697708774042,14091.495686908993,14061.26343081695,14073.66245671409,3770171
2024-03-04,14084.743500259588,14099.421082569164,14067.126073194893,14089.59285757751,2031810
2024-03-05,14183.987183917314,14203.66790894641,14173.404211878691,14189.84857486681,1154525
2024-03-06,14239.33836503169,14256.868226962082,14219.354152692453,14234.190370535469,1948002
2024-03-07,14325.681405667208,14343.793031706,14308.157381130013,14323.621430922383,4609337
2024-03-08,14349.370910419997,14359.69916540819,14330.731877257056,14350.821462045471,3899896
2024-03-11,14411.846205268655,14426.524799894996,14395.334228147702,14418.930003255451,3885020
2024-03-12,14379.71402565343,14396.180236990005,14361.151174372962,14386.307363498916,2862577
2024-03-13,14351.528896360272,14369.829223196553,14340.405066610985,14358.902305229038,3549181
2024-03-14,14218.569184898126,14229.061921433953,14205.091806542532,14215.813739644229,1641075
2024-03-15,14281.838773730098,14300.363162586516,14263.074564294053,14265.51129431364,4760501
2024-03-18,14362.781919655466,14378.265929022886,14350.765367542797,14366.001448401883,3039309
2024-03-19,14339.014265821526,14350.987405527287,14328.231844835725,14339.600481387286,2749922
2024-03-20,14330.17179445222,14343.344346616717,14312.290605052769,14328.517386316349,3461851
2024-03-21,14296.297366719678,14309.116662237195,14277.942505163246,14293.799070435385,3805689
2024-03-22,14319.21195933443,14334.520549677316,14307.585437152531,14314.421682605178,4143197
2024-03-25,14379.203426550885,14389.720283349996,14360.659966723057,14377.977167820782,4548249
2024-03-26,14295.772295399329,14307.357656984328,14278.904617443357,14296.292218784001,1032646
2024-03-27,14319.914034724341,14338.0409651581,14304.713207892175,14324.788780435436,2124702
2024-03-28,14309.712336932447,14321.038376839915,14291.409835004633,14310.956990940142,3611268
2024-03-29,14318.975773275448,14331.30973597003,14304.783280782258,14321.066766600752,4787938
2024-04-01,14345.480779303554,14360.014485359596,14333.540839741321,14344.727515492765,2303793
2024-04-02,14339.58733115275,14354.758540033883,14326.738804386645,14340.394487970683,3924014
2024-04-03,14337.885824240746,14355.521929036888,14322.834184057812,14339.633680883617,1384382
2024-04-04,14330.630873284565,14345.104197551227,14315.317565357833,14330.749378700062,1592947
2024-04-05,14382.546287793699,14400.444934004054,14364.490479529286,14387.45879504653,1639629
2024-04-08,14406.844528264945,14423.027991335399,14388.93100102842,14409.197839947023,3625598
2024-04-09,14421.19444248461,14432.325439878849,14405.380776912563,14429.239825593555,4219964
2024-04-10,14360.927961286674,14372.491275670602,14343.12010645302,14368.838035961235,2124643
2024-04-11,14345.240335046741,14359.610672301238,14333.322600463804,14346.86488429559,1683098
2024-04-12,14393.375314517521,14407.344208448412,14382.874669246588,14375.926161105202,1009879
2024-04-15,14398.42174559686,14415.857188293232,14379.685407370513,14403.955460162508,1136615
2024-04-16,14434.519938904064,14450.327310302038,14423.764393966438,14434.343970439302,1636572
2024-04-17,14525.92711861262,14539.808449422642,14513.46023431518,14522.626922259755,3276148
2024-04-18,14580.898950133076,14592.60655296758,14563.945760636832,14576.28393042726,2484140
2024-04-19,14588.558318005547,14600.826689028801,14574.463838629274,14585.412048594964,3443413
2024-04-22,14565.970234032739,14581.725244217429,14547.207094333584,14567.527518326035,1954183
2024-04-23,14441.2140690006,14455.448457049597,14428.234271053978,14434.044185156155,1210190
2024-04-24,14435.676110620938,14450.825385709544,14425.557397154244,14432.802787702936,2616752
2024-04-25,14422.216795329397,14433.92356968242,14409.21023892379,14423.282697074092,1816708
2024-04-26,14444.53650110857,14461.165563632016,14428.755750616721,14448.075377276435,4118195
2024-04-29,14439.602803180953,14458.128190589512,14425.84341942692,14445.193513232894,1529087
2024-04-30,14426.305377757983,14438.884772825852,14410.956650200395,14420.985530118456,1483843
2024-05-01,14340.01763560094,14354.932777859258,14321.25165441259,14333.200887889592,1749130
2024-05-02,14295.661953903389,14315.417227193599,14276.537103361085,14293.443991108403,2423249
2024-05-03,14322.097865496144,14335.43028290165,14309.438124849603,14323.633567637049,4008297
2024-05-06,14410.457416570505,14426.407880019742,14395.836011837806,14418.549332775137,4658992
2024-05-07,14408.106302745065,14419.008259747068,14392.61486259265,14395.574375241005,3187293
2024-05-08,14426.983189145238,14443.043339170032,14407.492064576356,14424.164058088401,1978062
2024-05-09,14477.054814149124,14487.95113188217,14457.06864095748,14465.846494214698,4522885
2024-05-10,14438.919441481936,14458.511795835175,14426.56536899352,14434.27736902758,4439540
2024-05-13,14459.63131271487,14476.787939235594,14442.361514001412,14464.409509845227,2183759
2024-05-14,14424.940074624095,14442.821672505452,14411.159764001763,14429.713841126104,2466478
2024-05-15,14470.476930353594,14487.51797396131,14460.395848384733,14476.204078752759,3300775
2024-05-16,14480.3053666402,14496.202657000964,14470.21284141584,14487.812878407058,4162218
2024-05-17,14497.449189786705,14511.94831759756,14482.843529711083,14494.99732917049,1428410
2024-05-20,14460.503754245738,14479.087488043348,14445.620405115695,14460.190758997855,1774426
2024-05-21,14498.00345648707,14517.5718131625,14487.777759521336,14513.603439425531,3543884
2024-05-22,14604.351119381261,14619.341481110301,14587.481845213519,14602.178807890614,3738659
2024-05-23,14556.031841110736,14575.347191602288,14543.091807224788,14562.895159978809,3579098
2024-05-24,14541.084858306158,14556.918187406043,14525.485927290798,14541.233965053238,1568392
2024-05-27,14554.671246241349,14570.055088110314,14541.662055509694,14546.617279159613,4675332
2024-05-28,14595.963017297869,14610.507844627422,14584.291674149175,14587.176614369293,2086706
2024-05-29,14569.92302314975,14582.01590076505,14555.851285763762,14566.038672164706,1463445
2024-05-30,14430.175115531305,14440.212312139485,14417.8523818834,14434.312853269792,3466590
2024-05-31,14500.004924525107,14512.419986793668,14484.656914755915,14502.47990905797,1816386
2024-06-03,14539.867746146643,14554.964977862679,14527.879460843778,14545.99260517435,4521309
2024-06-04,14454.525533734497,14468.325133257094,14439.44147396805,14448.94807271789,3242402
2024-06-05,14425.9203868068,14440.405239086826,14414.346601658111,14435.45528282308,2026437
2024-06-06,14506.071422346457,14525.877904542098,14489.361675251599,14502.795323395918,1182235
2024-06-07,14580.172284163737,14593.67500787043,14562.632907319323,14579.218079588227,4029407
2024-06-10,14628.784970825833,14643.306800219434,14617.681028483334,14630.442152901845,2969124
2024-06-11,14621.630209258485,14632.965364772013,14606.95218513811,14619.08940585349,1587453
2024-06-12,14627.401156854638,14637.880734179007,14616.69243984809,14633.979547705027,1404696
2024-06-13,14622.447713437588,14640.201808583513,14606.465888982168,14619.808296182011,4866527
2024-06-14,14680.424384797425,14696.131216548145,14667.780341818128,14675.207752904576,3534242
2024-06-17,14638.169358487656,14655.776406548095,14622.893113919268,14639.434737664713,3857045
2024-06-18,14599.389469095482,14610.888097084347,14584.214859001639,14595.552344371561,3688215
2024-06-19,14651.386889466368,14667.105177178195,14632.14334600443,14666.511176186727,1399782
2024-06-20,14650.626714318649,14663.163139062062,14635.135882092962,14652.532047959712,1347455
2024-06-21,14720.982805577381,14733.26342374638,14705.152820780198,14717.161419387197,2544309
2024-06-24,14688.815373921474,14698.930634062004,14674.79884266383,14681.584180516982,2626013
2024-06-25,14687.460728990882,14698.764136226573,14667.969932959053,14673.96559253997,4480433
2024-06-26,14642.701095995486,14655.793777110483,14624.92923690109,14635.2354115771,2461215
2024-06-27,14644.407647562208,14655.576435168117,14631.553594659179,14644.139723772445,2663574
2024-06-28,14571.796786602139,14591.655371006249,14553.354690744376,14579.641674133287,1092199
2024-07-01,14548.710345774096,14561.796672259336,14534.386382172244,14553.69997292773,4310752
2024-07-02,14478.172311531755,14489.475550998777,14459.885640096418,14475.826069705829,3648766
2024-07-03,14514.123253678958,14526.114076807236,14495.894372996023,14509.388386573117,4000856
2024-07-04,14551.188323304434,14567.065355587849,14539.299621436805,14554.52655029439,4176867
2024-07-05,14465.892319920096,14476.532755158743,14448.880908606261,14460.11364189508,1717463
2024-07-08,14533.785986592273,14552.410327893684,14520.879556899208,14545.236762375265,1505950
2024-07-09,14659.839091438043,14679.454088230415,14646.864164738117,14662.213175577892,2240505
2024-07-10,14663.3054581234,14675.772932330074,14650.341977354594,14662.6257655511,2384358
2024-07-11,14632.400227513908,14646.901180199817,14615.144545038309,14619.943750493958,4126829
2024-07-12,14774.75241698669,14784.973761496985,14762.454156568765,14772.736784800261,1334796
2024-07-15,14709.925577923435,14726.332680170708,14699.916519570974,14717.307020560665,2585801
2024-07-16,14712.03916709707,14726.178427677596,14694.886798562244,14705.194000234727,4403734
2024-07-17,14722.115985924727,14734.816570585743,14710.404138486376,14718.856752863596,3913745
2024-07-18,14790.45727593101,14802.525647037177,14779.412451977933,14794.932604596224,1921887
2024-07-19,14809.517106608113,14826.0573373847,14797.141945402172,14804.216355275847,1872288
2024-07-22,14785.648040245565,14799.810210555888,14771.849035022338,14791.118627826823,1509603
2024-07-23,14739.141974337643,14750.938567227942,14724.38291106291,14735.000019694562,4477915
2024-07-24,14723.095341597684,14739.986432412552,14712.649641190557,14724.375195699098,2718671
2024-07-25,14673.785522444516,14689.436245274883,14654.079789118243,14666.138625170935,4205647
2024-07-26,14677.206216080423,14695.792936629718,14660.045585546228,14679.809492390112,2012753
2024-07-29,14650.019504471613,14661.194263460378,14636.787563818369,14661.29027356452,2392775
2024-07-30,14576.335175450926,14594.19184147037,14563.148202878072,14582.577508371525,3557929
2024-07-31,14640.105284514164,14656.840452382337,14625.619859020479,14636.908729391704,2920463
2024-08-01,14616.230534629134,14627.380643997416,14599.968086401504,14619.352468126917,4576566
2024-08-02,14553.829426530412,14570.77763382913,14542.365695864522,14554.988267117154,3397431
2024-08-05,14546.41985830152,14560.83533119032,14534.53056016387,14554.555370584232,4836746
2024-08-06,14550.840282861958,14570.290130717516,14532.245937033622,14555.301415886392,2340416
2024-08-07,14464.518052650874,14475.934166157052,14451.955503411984,14449.229126957158,1134845
2024-08-08,14482.101604216734,14498.529938124891,14468.299654236982,14478.39439801616,2073532
2024-08-09,14430.745758444493,14444.565558899123,14412.033039934991,14433.021225531233,2850827
2024-08-12,14517.300897983536,14536.869044689445,14500.669419689537,14519.527518550216,1263672
2024-08-13,14544.505090380757,14557.80483933366,14531.08797158734,14539.32762572196,3487077
2024-08-14,14525.519525690179,14545.141384785096,14508.682530232933,14523.744009931546,3183643
2024-08-15,14489.27463900854,14508.289497519547,14479.077806854726,14484.15246908669,2093164
2024-08-16,14485.044619851753,14497.74845220486,14467.688193251639,14482.276456290618,1201657
2024-08-19,14516.708182957722,14534.743600725986,14501.83802255256,14529.34426026935,2147728
2024-08-20,14516.463955510528,14536.419997528563,14498.332134037682,14521.400732736784,3749312
2024-08-21,14506.64373765461,14519.170367676323,14487.097361134545,14514.085949411376,4559455
2024-08-22,14510.608005875765,14524.975777568998,14491.35012038082,14512.574934423857,1796551
2024-08-23,14481.469628615192,14496.67143598086,14462.376978180639,14484.661603797513,4483765
2024-08-26,14465.373498103816,14478.322809461855,14450.251798544477,14474.157697441891,4161895
2024-08-27,14362.158415581154,14372.311063977615,14348.556994439765,14362.3203455054,2760439
2024-08-28,14411.930413042883,14424.131705484859,14397.280059795576,14409.769746032684,4256510
2024-08-29,14427.967902911925,14440.787271755344,14411.068942878792,14431.091394900177,4135210
2024-08-30,14390.405390159016,14404.841387172199,14371.565412390304,14395.47260096686,4626733
2024-09-02,14486.465855851886,14498.17688063602,14474.395992821885,14483.88661351539,1130775
2024-09-03,14491.95458686804,14510.687130434957,14472.772655283423,14488.12204744749,4180617
2024-09-04,14441.300253144997,14458.34936447231,14423.148450825298,14441.443187810957,3404974
2024-09-05,14485.305648494248,14496.157653269845,14465.517088342465,14484.994865140814,1226406
2024-09-06,14506.392998232175,14522.893922743575,14487.590480499359,14509.232656864773,4730278
2024-09-09,14527.324079713519,14543.860644477574,14514.5247064166,14522.07183744615,1135753
2024-09-10,14507.256246769852,14526.818458506288,14496.196687656411,14521.065603416666,3701731
2024-09-11,14531.019559956447,14541.04976867001,14519.89714923653,14527.267634306287,3687448
2024-09-12,14519.189459332352,14531.66878383041,14506.277226146569,14517.647680004045,4917563
2024-09-13,14548.264332141403,14567.542246935156,14532.122494901558,14545.319099118418,1229489
2024-09-16,14454.31558744768,14473.636926601663,14436.272384186708,14468.44629957387,2455482
2024-09-17,14433.941753238425,14451.14761743213,14414.949250168609,14434.25878715181,1812344
2024-09-18,14521.391382593087,14539.049015803563,14505.153848749394,14517.84655687307,4414345
2024-09-19,14484.402585571945,14495.317415151241,14474.346272444463,14489.151461547664,2745234
2024-09-20,14455.598604392462,14470.737362740245,14443.735436627278,14461.082078580312,2460461
2024-09-23,14434.612476411541,14446.928306324431,14423.615214373007,14434.333125230818,4096654
2024-09-24,14375.308751484175,14387.120931920312,14361.675506728485,14378.601252888315,1825217
2024-09-25,14266.356565267823,14284.459598259056,14251.343055331485,14263.774866991116,2673820
2024-09-26,14256.314986339003,14267.665367705808,14245.881014553217,14254.308599754766,1194499
2024-09-27,14264.622194241292,14279.308710611256,14251.137414483335,14255.171979274464,3620916
2024-09-30,14263.538269892806,14282.924052288667,14251.746473146553,14260.715507296512,2241649
2024-10-01,14257.8633490752,14269.721669630853,14241.392647412611,14264.595312550087,3814236
2024-10-02,14261.612652826858,14281.39258706424,14246.969929133615,14272.38840123754,1381150
2024-10-03,14314.380802947471,14334.323682805081,14299.427626478133,14317.204597884853,3370128
2024-10-04,14306.513938383367,14322.070109930191,14292.237020503033,14315.468222452562,4020041
2024-10-07,14279.495162535577,14291.196589937348,14259.934965430712,14274.76540525099,4634842
2024-10-08,14267.154677670027,14280.315726549436,14255.007326418812,14266.444474971284,4291508
2024-10-09,14297.868757308537,14312.113685635302,14282.702114710099,14297.690453415029,2500392
2024-10-10,14370.248298652426,14383.341540896008,14352.888124968773,14367.490224955774,4490619
2024-10-11,14340.65125576391,14353.457611562675,14325.082811632565,14338.19422997982,2763998
2024-10-14,14347.440513921836,14367.162811013999,14328.150305064668,14353.37354857508,3424724
2024-10-15,14366.233844649538,14377.767492923695,14352.454161093125,14365.86150527819,1873275
2024-10-16,14318.51374467447,14335.847023761638,14303.876986616739,14323.424414011357,4156730
2024-10-17,14321.477183670046,14331.481286564438,14310.591960517899,14326.193526167554,4050809
2024-10-18,14250.170276715791,14266.132103409815,14234.080285605272,14252.047123485818,1939944
2024-10-21,14163.729164014896,14182.888594054437,14150.847044330414,14162.016462562886,4999661
2024-10-22,14184.112900890213,14196.992241831145,14172.509810495058,14177.98669671828,3129708
2024-10-23,14167.000977687228,14178.856237439806,14151.555664758183,14165.94985427303,3689403
2024-10-24,14179.23257851608,14195.749376464864,14163.90947588228,14178.973144649448,4640089
2024-10-25,14180.491531564254,14197.617545637238,14169.732815152014,14184.112137539227,4105381
2024-10-28,14133.861692869998,14150.741998059517,14116.879538335053,14133.730498001043,1221746
2024-10-29,14133.825929127124,14147.019097927337,14117.588207220615,14145.22152087481,3103715
2024-10-30,14074.43491388018,14086.956937901774,14062.544741052716,14068.099708199039,1210995
2024-10-31,14146.284976595864,14165.844164595484,14131.590627974323,14138.767664935798,4938000
2024-11-01,14080.825580156266,14100.058575238965,14063.622350991482,14083.50234728282,3636594
2024-11-04,14073.41337947492,14087.986545573847,14058.119022069506,14071.170671048736,4694210
2024-11-05,14023.7150558725,14042.176994534044,14009.760165110665,14027.548919171004,3817532
2024-11-06,14054.689798835267,14069.21303361161,14041.466414254457,14058.259139044454,1702221
2024-11-07,14040.61056322094,14054.854453401666,14024.5066245545,14046.101062453976,4299248
2024-11-08,14017.208413514985,14028.776042990978,13997.817326531884,14005.76055565951,2538252
2024-11-11,14062.438719466427,14076.702780031346,14045.721271061651,14058.428436057213,4955688
2024-11-12,14066.519693623588,14081.893863009585,14055.772234587224,14070.97685509281,1422618
2024-11-13,14095.000734101515,14105.225777375803,14080.393884366695,14096.662148849686,3363648
2024-11-14,14048.622771017577,14063.063901069332,14029.71452970247,14057.356463137343,1262328
2024-11-15,13981.10989923955,13998.923461423501,13970.165274981538,13989.322888058088,1927888
2024-11-18,13989.23802466402,14006.038485227764,13969.349267542644,13987.409933405774,2325039
2024-11-19,13976.10328041149,13992.454850300128,13956.612586475036,13970.081539622868,4266225
2024-11-20,14010.27251208189,14029.368066366262,13999.489767274592,14011.607467556832,1151521
2024-11-21,14009.164574346454,14019.344894444706,13989.83044114196,14001.62415367855,1318477
2024-11-22,14022.345859354115,14037.916335216038,14008.71453345152,14026.591602476348,2876213
2024-11-25,13944.14431430467,13962.017802788769,13925.697222633913,13945.14249993927,3631866
2024-11-26,14041.573820331216,14056.987174158228,14027.389986954084,14035.570332701946,3891088
2024-11-27,14036.409455857578,14049.648411383381,14022.000904730552,14033.645150711514,3546946
2024-11-28,14074.376596956683,14085.739102607602,14058.034166046908,14076.274372094513,4859297
2024-11-29,14035.699829849396,14054.575460567557,14017.955055656637,14038.023569886967,1116775
2024-12-02,14054.26811516182,14068.975739085696,14043.930223652338,14059.296204449081,3130520
2024-12-03,13992.333574940296,14011.114726910153,13976.402014985024,13995.672979497875,2023612
2024-12-04,14018.184490521911,14034.043011746244,14006.317160580938,14028.312239836636,1766913
2024-12-05,14003.673037684262,14020.414958850413,13990.213542505631,14006.494465997144,2152417
2024-12-06,14008.45942805241,14026.502039596195,13994.979741390858,14008.810776504171,3018265
2024-12-09,14046.724478720003,14063.316034166004,14032.033875317791,14043.096179536231,1490846
2024-12-10,13988.503150685077,14002.483699091867,13975.161786566316,13990.07079012014,3476040
2024-12-11,13957.72342865448,13972.859762493767,13946.649817469974,13947.551269907995,3308445
2024-12-12,13984.07350709011,14002.103962336869,13972.617219704856,13986.439146011699,3877523
2024-12-13,14092.507252356605,14106.243755320334,14082.172872500994,14093.179114611059,1008724
2024-12-16,14089.164406043743,14103.045620611429,14074.461915190455,14081.931413632856,2446876
2024-12-17,14122.32085749442,14133.277758655,14102.77638054589,14113.385740407164,2738746
2024-12-18,14120.610065563185,14139.755909915402,14109.453313326705,14128.652899271794,1999781
2024-12-19,14221.398008458389,14232.308371607844,14201.935363528359,14218.275426313476,1868729
2024-12-20,14137.750200269214,14154.2322920437,14120.416585121893,14137.833380251333,1911531
2024-12-23,14146.231854995049,14160.363799783077,14129.856866965707,14146.642071044052,4224600
2024-12-24,14068.742283513824,14082.798477416378,14052.289505960589,14068.007129628228,2986952
2024-12-25,13947.23804841936,13964.033566785087,13928.970771935397,13952.716482174534,4093606
2024-12-26,13965.97187855988,13976.642815886178,13954.902679916082,13966.389893809648,3691773
2024-12-27,13976.843536138616,13992.780593968131,13961.79599290296,13969.997227866452,1724203
2024-12-30,13966.534139099578,13984.254456959301,13949.56322771697,13975.059492162509,3602393
2024-12-31,13965.192194011399,13983.474321590265,13949.323989560664,13968.25085691211,2277752
2025-01-01,14124.109848031894,14135.815151925832,14105.782057321661,14117.85233596977,2575460
2025-01-02,14115.238295691091,14134.212486191873,14104.515578600978,14113.09702380495,2852175
2025-01-03,14144.815826062815,14161.37728698129,14127.908815667823,14146.622622429346,3184996
2025-01-06,14116.452576974443,14135.27112498265,14101.112299670596,14117.605852301751,3869579
2025-01-07,14135.352435538178,14150.20524270928,14121.560826898378,14143.75376873399,3186903
2025-01-08,14127.611764531406,14143.032097982377,14114.209014709066,14126.891019942388,2178393
2025-01-09,14111.289167951169,14130.479550721455,14095.080841623427,14108.593292224028,2519123
2025-01-10,14206.469255852215,14225.468351285761,14187.559302105772,14210.992807786944,2653384
2025-01-13,14269.595005203213,14284.076613936903,14254.633245942201,14273.981339403137,1058326
2025-01-14,14280.729672271033,14293.473798587389,14262.482440630263,14278.821376446876,4747686
2025-01-15,14169.846724925395,14183.778429271038,14155.825161106955,14173.18358042737,1523292
2025-01-16,14156.153697065874,14170.031340351172,14145.129752437942,14157.392110790846,2714718
2025-01-17,14295.691749601625,14308.560418351453,14285.076692237039,14297.987880799292,2221650
2025-01-20,14288.57402703892,14301.25982308225,14278.060683325682,14295.485207616784,2791123
2025-01-21,14348.178386808886,14366.789016173683,14334.376885389309,14353.709542451603,1024022
2025-01-22,14424.746531145704,14435.44515035255,14411.374153637345,14422.563279803286,1084458
2025-01-23,14440.192705884572,14456.968817705569,14423.013335648346,14446.752889406587,2980698
2025-01-24,14402.625958775976,14414.35415929054,14385.197743760127,14387.951674661377,1148317
2025-01-27,14285.410422479263,14298.855481413204,14274.901882790926,14297.139048659175,4753812
2025-01-28,14324.193788960038,14334.809219301385,14311.982556331148,14314.866092341814,1403243
2025-01-29,14288.055690507252,14300.755426875807,14275.313072005663,14284.898785316873,2455778
2025-01-30,14301.486770490725,14319.170981201896,14286.010650649296,14302.386228249621,2683568
2025-01-31,14243.642517102584,14262.492670348056,14232.197364863514,14246.612614252144,1396742
2025-02-03,14235.04995107343,14247.265222592454,14223.71053887943,14240.519935936074,1747157
2025-02-04,14241.427094379924,14256.062572772513,14221.989205487844,14233.736706037127,2355081
2025-02-05,14259.569166955665,14274.272407435037,14241.527137882687,14259.203606746278,4669246
2025-02-06,14208.560968970763,14227.29672202836,14196.754419949852,14209.134510498008,4970446
2025-02-07,14273.159252324544,14290.787242853301,14259.09357424549,14276.416113446083,4175261
2025-02-10,14248.086372265021,14263.217144448701,14234.530152272446,14248.549787061584,2280609
2025-02-11,14169.153172744795,14185.860644749513,14151.24313200414,14169.016566640243,2197964
2025-02-12,14168.50997325818,14186.983523797275,14153.407844093399,14167.446059783017,2188347
2025-02-13,14175.053684820801,14185.149074361058,14163.775187450867,14171.911811155482,3832003
2025-02-14,14187.924346977828,14201.95324728833,14170.534426346267,14187.680199387436,3748881
2025-02-17,14260.887665324513,14279.960096997283,14246.918785542264,14268.158018798553,2932087
2025-02-18,14253.93668637571,14271.339816684149,14241.307443899388,14253.332233620778,2035670
2025-02-19,14252.841183914865,14268.269597658205,14239.086197694658,14249.334059953568,1100960
2025-02-20,14202.580705007063,14217.877150277414,14187.603139370995,14205.807445652565,2631329
2025-02-21,14248.51962191322,14261.997322889263,14235.08846674905,14248.380375353869,3244897
2025-02-24,14262.658053687954,14277.863259024369,14250.238995962036,14268.203618163134,4431267
2025-02-25,14246.59061320033,14263.144445194965,14232.605592912289,14243.34603298677,2152738
2025-02-26,14156.301017812017,14170.484648196305,14146.109288704518,14149.399773823294,2179280
2025-02-27,14233.475182273842,14250.616713737763,14215.750203812879,14230.51843836619,4300507
2025-02-28,14177.053372426863,14195.665694699466,14165.343923491188,14176.673046049003,1477965
2025-03-03,14152.45950878333,14164.006357265178,14142.020462647024,14152.6194679557,3173089
2025-03-04,14175.353831248023,14189.869301476198,14158.816844318972,14171.158846826233,3751087
2025-03-05,14120.509300621241,14134.589501534092,14102.769939333004,14122.384805190231,1644938
2025-03-06,14050.82265270051,14067.697300741007,14032.684361384581,14048.750079750682,1392888
2025-03-07,13949.618793845613,13962.117468498192,13934.683702019007,13949.152957752469,1742092
2025-03-10,13990.66604328417,14007.068552433693,13978.612361437272,13993.628629727687,2760352
2025-03-11,13968.407215023535,13987.18210744085,13951.034938251038,13970.083298308005,3975096
2025-03-12,14119.773485239253,14133.954801237189,14102.77635446771,14118.244932300173,4285558
2025-03-13,14075.059977685652,14094.170134685444,14062.59727034462,14080.936705967082,4737025
2025-03-14,14033.992350304343,14053.923987693677,14014.958272745715,14030.462854550567,1406497
2025-03-17,14010.727501296944,14021.788421796424,13999.683786716116,14017.733193889539,1259188
2025-03-18,14027.888106981827,14040.218638861676,14008.061224585914,14022.957244806952,4391068
2025-03-19,14009.380084467324,14028.883881982145,13990.77760635755,14003.272998480354,3129700
2025-03-20,14044.996309857495,14064.57958672231,14028.117323402705,14047.288821847465,4688387
2025-03-21,14001.063175095751,14012.040247849618,13981.675676212953,13992.602059619048,2011403
2025-03-24,13936.975745074877,13947.125730078647,13919.75263339164,13936.765854407688,2416697
2025-03-25,13852.052237943093,13863.663238175657,13840.147667972793,13862.953480954437,2723580
2025-03-26,13745.855038067339,13765.815165901162,13731.43347668621,13744.691460835897,1224731
2025-03-27,13724.926581336222,13736.726577502328,13714.211551092905,13727.130925963736,2203522
2025-03-28,13714.845255330663,13729.870731397883,13700.948681107782,13706.63217830931,2530451
2025-03-31,13688.23300151962,13706.717178783925,13670.816971322249,13691.036601200294,4684297
2025-04-01,13755.354012711852,13765.558028818734,13741.489579202544,13749.095235011639,1986291
2025-04-02,13821.696587673116,13837.7414774957,13808.393645918433,13819.943388614895,1415505
2025-04-03,13809.887069178303,13822.657323667,13793.9335119532,13802.7889853609,2299636
2025-04-04,13725.110438222911,13743.73378738731,13706.388392932922,13728.72184629039,2446846
2025-04-07,13701.682633272692,13714.517244765333,13691.20680134723,13707.898544843647,1100020
2025-04-08,13676.586276498369,13693.453833701187,13662.731572151371,13678.209628999572,1631796
2025-04-09,13648.610745600705,13665.352941925179,13637.028338182552,13646.868506527186,4651354
2025-04-10,13618.591769151375,13630.806704639972,13601.638226644056,13624.170080822534,1066846
2025-04-11,13590.770597585295,13601.118589583979,13579.713351980983,13586.663920143706,2405402
2025-04-14,13576.27975344042,13590.372249178274,13559.631675854618,13564.191801016808,1442985
2025-04-15,13549.322463841796,13562.214395361454,13536.460655133817,13551.629470297421,4437184
2025-04-16,13564.541155171162,13582.6309326673,13552.55198703379,13562.067586482337,2538309
2025-04-17,13587.344236177545,13605.347878062099,13567.980710599295,13591.607338298194,1376330
2025-04-18,13546.577992282124,13561.14823180405,13536.392746514664,13546.86480067599,1790689
2025-04-21,13614.877927706839,13630.943049960071,13600.500154987943,13618.74016867673,3506214
2025-04-22,13570.601441559693,13586.644036719563,13560.385171635075,13580.522105910079,4561427
2025-04-23,13494.417308826058,13512.688890310334,13479.581378345014,13490.09084000457,1550846
2025-04-24,13518.14069686414,13532.390721005373,13503.130223086197,13514.930786391324,1567476
2025-04-25,13481.932687208671,13494.687154006577,13468.716062494725,13481.323252887365,3765524
2025-04-28,13502.636905342282,13515.287254523688,13491.315287567031,13510.98902764053,3654676
2025-04-29,13387.069711467488,13402.431634260309,13373.305836090143,13384.576821585524,4643153
2025-04-30,13461.28468974216,13475.776171769483,13444.562060342834,13457.196597576414,1569364
2025-05-01,13499.466849441731,13513.86805715158,13481.642891355286,13500.146177131213,3407698
2025-05-02,13428.98519235112,13439.896565742016,13413.677686327239,13423.900982406074,3453763
2025-05-05,13359.562570716804,13376.748608123706,13343.664226772406,13360.969046862543,1163148
2025-05-06,13447.665558185374,13459.802925065193,13435.659394474127,13439.97347266482,2653201
2025-05-07,13415.25911713292,13427.228653435008,13402.385813800644,13425.87888333061,1115827
2025-05-08,13377.984705707186,13392.112288909959,13366.365749606663,13372.500473106764,4614108
2025-05-09,13269.088635039847,13281.366418456026,13256.5956815398,13267.372286477963,2647128
2025-05-12,13255.927399310987,13271.765981984068,13243.678531508733,13257.559851567192,1803767
2025-05-13,13248.889682679906,13262.604316073252,13233.695194815995,13257.713196116407,2826636
2025-05-14,13288.982652024311,13303.47176925024,13273.355764466403,13281.789537953657,3665213
2025-05-15,13223.316568355423,13238.688261571464,13203.867094147208,13231.19619853673,3804670
2025-05-16,13151.559074772025,13163.594429996843,13139.60336830101,13155.384783254436,1290714
2025-05-19,13178.332558302773,13189.890074531428,13161.915801201158,13177.988414488409,1087995
2025-05-20,13232.862429516837,13251.666648545573,13214.689836826963,13228.25507425118,3137810
2025-05-21,13158.465718390798,13172.802955419113,13142.863303752967,13160.68883579623,4598128
2025-05-22,13216.6694038392,13230.790339935525,13204.11936731419,13213.83742051276,4528512
2025-05-23,13222.641100872986,13232.997222375714,13210.015598572787,13227.839716740242,3417490
2025-05-26,13281.292159111432,13296.271922137306,13270.899628580722,13278.730465213475,2247155
2025-05-27,13281.80769469688,13297.349391912989,13268.753252431394,13282.485529699912,3471168
2025-05-28,13159.685704633792,13175.27411334334,13142.239667843758,13155.980525153482,1951463
2025-05-29,13156.044197139088,13173.114508832317,13145.569019567018,13154.404149387532,3543440
2025-05-30,13212.972823208624,13224.747641558533,13200.779870383576,13216.470355055595,1700948
2025-06-02,13172.171162808878,13184.693394151183,13155.10883782356,13172.57840972442,4055189
2025-06-03,13156.622406586039,13174.729711238342,13138.79589095781,13162.807852092583,4397681
2025-06-04,13151.62873603655,13171.100442204983,13137.07555193593,13145.188621529414,1068582
2025-06-05,13010.429234437932,13021.788561911606,12993.448491053145,13012.93937999408,4862831
2025-06-06,13097.735683486471,13112.712179031523,13083.856161799922,13110.811414942506,1437734
2025-06-09,13056.368552643342,13068.510315170737,13044.7694201931,13054.381662236034,1143775
2025-06-10,13085.319280283311,13095.92001196686,13071.337785348082,13093.104641718015,2622320
2025-06-11,13084.610217454912,13097.865250836174,13068.810539252881,13082.022088684229,1579779
2025-06-12,13151.078952527383,13162.515828779226,13131.598419708855,13140.195075556234,3367339
2025-06-13,13174.931094806387,13192.03042554073,13164.2435852855,13176.60884320108,3462508
2025-06-16,13166.695552327357,13182.032806464073,13151.621611388908,13172.068228764867,3616095
2025-06-17,13125.491600270649,13136.929944980551,13112.202402488541,13120.37529132289,2812867
2025-06-18,13168.816881492097,13178.909297376153,13153.73376454933,13163.319837667708,3427636
2025-06-19,13078.53833379397,13096.61990428421,13068.298579320204,13085.426938963674,4286976
2025-06-20,13114.18698714118,13125.948931202822,13101.056733594165,13113.518132982186,1397152
2025-06-23,13062.549356002308,13078.611522424515,13044.350674527037,13064.40421323821,4701190
2025-06-24,13128.438494757609,13141.807713888376,13112.899077419062,13128.542543357511,2393352
2025-06-25,13139.738667771497,13155.593527154648,13125.232842843336,13142.81131159675,1350912
2025-06-26,13175.140199207965,13188.296735477788,13162.284948490811,13173.129336055254,2960783
2025-06-27,13182.395053018827,13193.264448625749,13169.414627790913,13182.498192918483,3729617
2025-06-30,13097.891620372953,13110.12112045853,13084.060606037046,13092.453998219307,3647349
2025-07-01,13057.930548249697,13069.811133914487,13039.574841150052,13061.135155644786,2092734
2025-07-02,13094.585336101873,13108.86552962627,13074.91320403379,13088.717993245944,3760878
2025-07-03,13105.913369913922,13122.496207748183,13091.526816100419,13112.65574936205,3313349
2025-07-04,13167.918033205846,13180.556093955309,13153.984504818369,13166.102264581925,4855425
2025-07-07,13190.996873638607,13201.117572991614,13172.531365880408,13187.834464489797,2959304
2025-07-08,13145.536870864167,13160.726244506815,13131.267817657805,13143.522208327857,3942915
2025-07-09,13108.568786483891,13124.62638137748,13093.048604760934,13103.757515913368,4931500
2025-07-10,13116.50987654532,13136.138581485338,13104.200459899334,13111.44571875431,1768278
2025-07-11,13003.563075086782,13019.457783117714,12986.128049728992,12997.516295630392,3028277
2025-07-14,13089.950851751124,13104.662577344905,13074.630968568415,13088.027228690582,1727402
2025-07-15,13114.714266649524,13130.448282908501,13096.62392114712,13114.595497921955,4589868
2025-07-16,13178.702601305346,13197.981607603966,13160.895274005059,13184.490337370928,2470634
2025-07-17,13102.269682640055,13120.553464096072,13090.119634957355,13103.10776222773,3769970
2025-07-18,13167.05605521426,13180.285842547897,13149.899699708682,13160.682967306953,4233095
2025-07-21,13281.150129809235,13293.522673445807,13263.149585729721,13271.12255565775,1327526
2025-07-22,13217.58654950189,13230.212885625551,13204.125477094065,13219.569499449328,2045144
2025-07-23,13258.598394604507,13273.64260500166,13246.872303475484,13267.17342681522,2122895
2025-07-24,13261.057290033434,13278.49778454572,13251.030968477638,13271.096027851461,1273314
2025-07-25,13186.200878967013,13201.233071038841,13171.691842436081,13190.012120478197,1644240
2025-07-28,13213.172497648096,13223.850461606378,13199.648170332708,13214.942032555882,3701585
2025-07-29,13257.142487486355,13274.378294490754,13241.593389148102,13266.473960717974,2835003
2025-07-30,13229.338684788414,13247.398386075123,13217.458273862527,13234.08873727591,2940634
2025-07-31,13289.850031858256,13302.745010509452,13271.25337638159,13290.229841825641,3011022
2025-08-01,13208.690694310619,13225.331951703452,13196.113142154338,13209.118627619635,4365371
2025-08-04,13136.095361832084,13150.361280842628,13123.831065781207,13130.285956457645,3899792
2025-08-05,13145.031693396792,13163.922886954066,13130.224552831947,13143.65447539051,3787690
2025-08-06,13148.371765344793,13166.8240209264,13133.38325510735,13150.057842824202,3307396
2025-08-07,13114.578618849475,13129.832938832571,13102.427766561625,13116.434279559606,3761551
2025-08-08,13157.058976202676,13173.974031660811,13144.340368935416,13168.788629572391,1014990
2025-08-11,13185.56983683346,13204.40333384368,13173.872784441908,13189.544444980751,3758953
2025-08-12,13230.40886022561,13245.366030326393,13213.224258442378,13235.189361604513,1991725
2025-08-13,13226.150462445876,13239.282969850765,13208.449572133335,13221.690884784168,4662369
2025-08-14,13258.144696676904,13275.681358056,13243.521411702312,13258.043005450329,3226479
2025-08-15,13237.694655210978,13249.895317758825,13220.553784984128,13228.57951318536,3962898
2025-08-18,13342.185785388237,13356.071096868298,13324.826431468862,13336.737124104198,3012039
2025-08-19,13303.326896612942,13321.98416898401,13291.944141336164,13309.599062116906,4434734
2025-08-20,13410.328866688484,13427.573090091177,13390.667086440139,13409.157889167629,2469065
2025-08-21,13413.77956887646,13427.817678928935,13395.569249405497,13416.408157266702,3008580
2025-08-22,13346.680055163239,13358.827500187323,13334.635220551281,13347.637630111027,3089843
2025-08-25,13416.730311218893,13430.289995127216,13404.868660861432,13415.817059336136,3751663
2025-08-26,13424.642470690505,13437.48351218278,13413.38585923471,13436.176170027678,4936116
2025-08-27,13468.787122639042,13480.54801551848,13457.403337013622,13468.506158422486,3300313
2025-08-28,13531.54028951016,13548.973618645816,13514.058671519873,13537.331149931371,2399509
2025-08-29,13549.970940265208,13562.49163913371,13535.274397695692,13546.876972381977,2400171
2025-09-01,13521.86486238635,13536.406537088027,13504.035520658952,13523.769026270407,3214934
2025-09-02,13572.130186940423,13585.988781408785,13554.667637996921,13574.968287998612,1788797
2025-09-03,13573.621919831645,13593.442693618,13557.575792696593,13576.551703010173,3431500
2025-09-04,13609.343690966989,13623.254613408471,13592.480024901202,13596.094904541354,1398216
2025-09-05,13503.06159605801,13513.861420885978,13492.878038814219,13503.46099215438,3940656
2025-09-08,13526.791309951834,13537.689567477555,13513.673533483783,13531.83385071947,1052499
2025-09-09,13496.219491228763,13512.127028442294,13479.841269436169,13498.621553104369,2305599
2025-09-10,13580.219949621285,13596.213585138668,13570.126500086422,13585.399236988693,3428507
2025-09-11,13612.687466073432,13626.875055978258,13602.357696636605,13606.005091637646,2192555
2025-09-12,13625.972352220553,13640.290789143673,13607.45347239585,13620.269855416385,3245560
2025-09-15,13651.559386289302,13662.098712117711,13634.71913767238,13650.465713050802,3977431
2025-09-16,13602.889107544803,13618.054572648696,13590.2354102136,13606.196907815083,3804843
2025-09-17,13685.284637343933,13700.332032097736,13668.405008942746,13690.441854420906,1371603
2025-09-18,13786.067494428666,13797.562987614236,13768.142927737274,13782.128623900024,4485627
2025-09-19,13806.909863887,13817.948257748109,13793.841921055899,13807.924209835373,3428079
2025-09-22,13887.609817960301,13898.845542866296,13877.249444185309,13888.12936473546,1725311
2025-09-23,13860.315996112306,13871.326278577219,13840.988204865429,13851.222528038817,4853597
2025-09-24,13821.60845554278,13837.705537498148,13808.156657159825,13811.652140673514,1792904
2025-09-25,13824.78812378444,13836.752950308468,13813.723306151593,13827.39317669068,4561324
2025-09-26,13847.654648873293,13860.168950395167,13832.736080159362,13847.32225131933,3462448
2025-09-29,13829.061585242649,13840.797306684164,13811.376907286007,13822.996231774585,4304080
2025-09-30,13857.043822640939,13876.622175685423,13844.827349494763,13852.628897307513,2201507
2025-10-01,13873.445447246955,13891.991621878473,13860.750546745621,13879.51978188409,4376141
2025-10-02,13824.601351461508,13836.906299835024,13812.174201593522,13823.210650343293,2490194
2025-10-03,13851.602112015833,13864.877774955054,13831.685381487516,13851.065951833127,2187910
2025-10-06,13895.830278813466,13907.929207236515,13883.85624147616,13905.212967008396,2977146
2025-10-07,13905.446926390916,13920.365685985524,13889.691724221255,13894.32155070179,3243778
2025-10-08,13964.114725750802,13974.310831075545,13944.862079334232,13956.088451161377,2579872
2025-10-09,13904.272931365262,13920.98661145423,13892.803965676483,13905.848410498797,2129375
2025-10-10,13928.692640252379,13943.924221750554,13908.984098273702,13933.728290882862,2851246
2025-10-13,13871.195379090885,13890.181768373895,13851.720606746929,13862.76917246438,3332170
2025-10-14,13816.503467771716,13828.147394615,13797.657747901134,13822.581876386468,1999529
2025-10-15,13785.965263018434,13804.006355479045,13773.819697805133,13789.59230614992,2327873
2025-10-16,13739.867570552307,13757.787180696974,13723.527019992198,13740.177097035918,4205081
2025-10-17,13713.470876755138,13724.742688647308,13695.861962025527,13709.312026520323,1576380
2025-10-20,13703.76504032467,13717.75063256611,13683.904761042706,13698.646381643508,3341059
2025-10-21,13746.623827817766,13758.325354229211,13734.819589596953,13751.813055709426,4844240
2025-10-22,13731.567125483532,13744.114330488108,13713.90686648834,13723.667994717813,2621968
2025-10-23,13653.288078448999,13665.920540197305,13639.900066749728,13654.637374381735,3252507
2025-10-24,13711.29549966271,13726.857863602969,13699.53923500703,13711.277640976465,2488221
2025-10-27,13670.447613620388,13684.561722937993,13656.23384420825,13666.58711633055,3043303
2025-10-28,13668.521604778787,13687.99893281885,13650.5832456573,13682.220965116494,2792470
2025-10-29,13691.862633280958,13703.126334700428,13677.214135243918,13692.26548864594,1972461
2025-10-30,13702.862345084483,13722.599266432984,13687.487114082453,13708.109517981024,1028887
2025-10-31,13758.596296159918,13770.90268256206,13738.644702057916,13760.462576213331,2487964
2025-11-03,13783.578002614933,13801.306741978751,13769.586909619358,13778.340076072463,3887939
2025-11-04,13741.5514386361,13754.941137897828,13725.397431089006,13748.930744039028,4441573
2025-11-05,13851.52661524489,13862.957429199063,13837.874173228736,13837.871015321423,3269758
2025-11-06,13862.29929313914,13880.878184991603,13848.371436675852,13860.780978783536,1251420
2025-11-07,13855.998003686724,13869.086612679088,13839.04159615227,13851.768946049786,2644306
2025-11-10,13905.270490308147,13921.859044350414,13885.891620547198,13906.783949273658,1978778
2025-11-11,13918.83051889625,13934.494955747115,13903.406929391327,13920.044533899929,3633719
2025-11-12,13939.89144337553,13954.60900646944,13922.207444086043,13937.574151574248,4844579
2025-11-13,14065.612954573458,14080.571149299943,14054.720888985288,14067.586032419476,1645026
2025-11-14,14052.982748630391,14070.305127771315,14040.871168256072,14050.69803289608,4615091
2025-11-17,14038.234875934842,14049.112605076078,14023.213559525648,14028.676920328442,1663621
2025-11-18,14045.219026676394,14061.900833295973,14035.018909440107,14052.092429479719,3756986
2025-11-19,14099.96584229883,14118.923963312816,14087.437292511206,14106.649158474691,2664278
2025-11-20,14025.82668757208,14036.40456954228,14010.652674673831,14031.45109398384,2863398
2025-11-21,13928.75369533314,13940.160228725477,13918.604083350578,13925.432070553952,3517293
2025-11-24,13900.620710386054,13917.787029753075,13887.975247523795,13906.34521468994,3441470
2025-11-25,13820.166030758297,13834.538847240743,13805.025722563538,13818.363751260316,3025131
2025-11-26,13800.185327450148,13814.220813658285,13784.453834970336,13805.289699240278,3317231
2025-11-27,13826.591270295725,13837.960936641168,13807.333753365172,13827.757158886561,4674803
2025-11-28,13783.355569302841,13798.42326971002,13766.902113070335,13783.7187383863,2291527
2025-12-01,13713.33744863873,13724.602901750693,13699.190090613429,13710.19884539873,1204470
2025-12-02,13718.149654130975,13732.915858694081,13698.846142359645,13720.685661419906,4859265
2025-12-03,13762.644979367898,13780.281132357515,13744.79614953402,13765.773163562051,2354444
2025-12-04,13679.28791727668,13691.870560855552,13667.287828065553,13676.15699245012,2583527
2025-12-05,13721.715251681788,13736.523113363584,13710.4068280683,13716.825977348546,1409336
2025-12-08,13764.021017179602,13783.941176873572,13747.262900822176,13764.159374344465,4823828
2025-12-09,13813.191094669495,13830.057598903035,13797.592263013725,13821.402000035121,4640990
2025-12-10,13875.60691094957,13894.020478662622,13857.710174811642,13881.597762530797,4278835
2025-12-11,13987.226001542997,14001.374477608602,13969.83795104221,13980.044576977052,1624559
2025-12-12,13970.966977309505,13988.645586540762,13954.71486197093,13965.841437176347,3688828
2025-12-15,13978.01890246597,13988.423994195384,13958.15508074968,13979.66295672093,2100911
2025-12-16,13958.798667900302,13970.027779725724,13943.462770599199,13951.067095638673,3140467
2025-12-17,13960.528099809328,13972.558805738528,13949.39704224431,13963.52440060963,3030245
2025-12-18,14038.831809883417,14052.85132912957,14020.549074235258,14033.619845605732,3988506
2025-12-19,13973.271118842491,13991.728567625749,13960.752585219034,13984.325801044999,4454499
2025-12-22,13931.939185475461,13945.40184598334,13914.166163994021,13925.93188099299,2450095
2025-12-23,14002.549813619025,14019.09602555418,13982.978742659025,14006.754191757633,4648598
2025-12-24,14055.334752914117,14072.427895862153,14038.366797774474,14056.321640088616,1049334
2025-12-25,14038.993306071567,14054.85512961245,14023.033004462068,14040.20504130843,3284116
2025-12-26,14083.561039257045,14097.133458938746,14068.957177500295,14073.193775312762,2240844
2025-12-29,14102.502425200393,14118.272958617528,14088.85832654044,14092.551075812955,2900708
2025-12-30,14179.430160006421,14192.852815934319,14165.900112496702,14178.273634514175,4185454
2025-12-31,14185.103491048356,14195.942228433876,14168.73976399126,14183.57552652965,4639385
2026-01-01,14238.367217979125,14258.295257760985,14220.854486809747,14233.948883146677,1206823
2026-01-02,14372.48461378441,14383.756438320735,14355.699443089567,14364.284473652768,2753542
2026-01-05,14404.44144611899,14415.164929957351,14392.457345107054,14406.618500681334,1772333
2026-01-06,14408.995184493171,14427.780491985242,14394.055312691737,14413.732174740775,3914278
2026-01-07,14447.240686331439,14460.259032940368,14429.324285609608,14444.102953973048,3259477
2026-01-08,14431.135971124571,14447.638940865307,14416.37893034268,14435.909944209923,1679590
2026-01-09,14552.730197365025,14566.020254661647,14537.36396456767,14545.821098136057,4330774
2026-01-12,14563.96642697564,14577.880969683583,14546.255066493932,14560.288343503322,4995705
2026-01-13,14552.589584188765,14565.210713908933,14535.976931126113,14558.833210546441,4555869
2026-01-14,14513.11239651027,14526.5428365682,14499.018947301447,14513.122502584523,2841041
2026-01-15,14570.31838685549,14584.425390861355,14551.364259743548,14568.526387875387,4732477
2026-01-16,14616.060720181464,14633.264880872388,14604.435049494828,14630.379698113447,1789097
2026-01-19,14593.614194719637,14608.729556661985,14573.659030233734,14584.197582618615,1289169
2026-01-20,14624.896418691244,14644.332070862813,14613.707892906481,14633.002133717857,3513901
2026-01-21,14551.966958369267,14562.385762307655,14541.817458658224,14560.42154188198,1963401
2026-01-22,14563.752708848318,14578.783392074638,14544.852519836832,14560.193666323243,2912669
2026-01-23,14588.966818493735,14604.809066382051,14576.517283410076,14594.961328830339,2955481
2026-01-26,14676.94884235002,14696.150812210763,14659.651846075554,14672.991231657104,3616134
2026-01-27,14641.062832221756,14651.55441745797,14622.952678472435,14633.819885987366,4428870
2026-01-28,14579.839666923071,14595.574662772424,14561.24980301275,14580.337064972826,2036484
2026-01-29,14537.802394809329,14556.338694094607,14517.886452452687,14541.1054066392,1323392
2026-01-30,14473.74786327982,14486.167140561012,14460.80746617942,14479.091985932248,4774509
2026-02-02,14543.39448403204,14562.15740751728,14526.292050612767,14552.07287199972,3382353
2026-02-03,14623.680136874693,14633.870570967436,14612.526138291885,14622.861121836886,2652108
2026-02-04,14642.584648934364,14659.9091952257,14628.516556020795,14650.180934399112,4360408
2026-02-05,14706.583118265691,14725.914250477377,14688.103401332566,14705.297301687726,1201703
2026-02-06,14716.254825993576,14732.826802609976,14702.578245532985,14722.212980629422,3456327
2026-02-09,14714.51311066795,14728.903403107754,14698.602156862593,14714.790223974434,3996297
2026-02-10,14700.915170781029,14711.363980945756,14685.877436343782,14700.849098180179,4775903
2026-02-11,14688.489615868923,14707.69075400215,14672.030100557802,14691.977966650085,1515728
2026-02-12,14614.2335498329,14628.936512059816,14594.504605939022,14603.69703395043,1067173
2026-02-13,14630.62026440863,14640.910231851989,14620.062909143615,14624.865961203499,3832718
2026-02-16,14631.817441385176,14648.715652098463,14616.07782621016,14632.9094463534,4184462
2026-02-17,14672.33916165428,14687.157534190042,14653.708873861777,14661.996808627704,2634936
2026-02-18,14680.30873164947,14691.552184823893,14665.494904531985,14682.679600193938,3554543
2026-02-19,14675.506536466679,14687.649254559781,14664.721264607264,14680.543039414963,1234046
2026-02-20,14635.31933732964,14645.964244134198,14619.713943805473,14634.474946734226,3292007
2026-02-23,14642.338765930946,14658.081701328032,14629.018027022708,14637.94419411158,1356338
2026-02-24,14682.701544801319,14698.921839593839,14671.15212694794,14691.937677965232,3823251
2026-02-25,14629.024483627432,14644.081906610987,14610.534138494597,14637.494075751383,2266702
2026-02-26,14636.926835604785,14655.097856934812,14621.710840474874,14639.139732842073,3541410
2026-02-27,14652.14621270895,14670.75630092203,14632.81344858516,14654.33755164585,1707717
2026-03-02,14619.848542154985,14636.004786121815,14601.788377108955,14619.905274889365,4285469
2026-03-03,14594.099393134831,14604.226957931905,14577.169675197094,14593.350162509494,4783288
2026-03-04,14609.311442626673,14626.26373918415,14599.26118759302,14612.164669605454,4737918
2026-03-05,14556.3594676577,14570.539459826903,14542.081233091318,14556.137525259892,4005831
2026-03-06,14577.612011264646,14593.26758609691,14565.637148448126,14583.980955275007,4557854
2026-03-09,14536.637630389541,14553.12843640973,14517.529651279052,14547.057164653874,4202687
2026-03-10,14593.610316055878,14607.11268219915,14581.864476209113,14587.488223032122,3718063
2026-03-11,14714.368036096057,14733.539021147775,14701.507435579464,14717.004165941606,3752878
2026-03-12,14675.232514525775,14686.572263193273,14660.06414684843,14667.415902594692,4718431
2026-03-13,14705.880851468657,14722.595969541468,14693.247215278676,14715.881716902952,1124716
2026-03-16,14673.516950645158,14683.560546444724,14661.418303872368,14669.550735311946,4529081
2026-03-17,14729.572715511204,14748.819226565256,14713.581722260176,14723.984470443786,1009907
2026-03-18,14670.352310175593,14681.477351507974,14659.463014948042,14673.661118222251,1882257
2026-03-19,14698.458205534323,14709.407047835799,14687.876527947114,14707.363343465171,4702796
2026-03-20,14658.918926678369,14672.249003008892,14645.196473726508,14662.040727710504,1451095
2026-03-23,14652.713035024288,14666.448697884678,14635.50639047921,14652.001533568353,4099815
2026-03-24,14605.337820347797,14617.480821071025,14589.789752765057,14605.68099153192,4705101
2026-03-25,14650.66363411092,14666.514850720192,14636.434869426253,14658.549063387352,2507291
2026-03-26,14613.054664680309,14627.483805660728,14597.397149038063,14608.069480999324,4952586
2026-03-27,14644.924188218622,14655.265944109033,14631.26967337209,14642.70857322013,1965701
2026-03-30,14632.02135133536,14645.217871957911,14612.659887981037,14626.675429226927,3366781
2026-03-31,14630.630030585377,14648.734359721107,14620.080981676268,14628.56834416223,2360247
2026-04-01,14642.379824340273,14659.276839688891,14625.645909549974,14640.81949832235,3030680
2026-04-02,14608.679745018359,14625.928453554157,14589.766918370082,14613.386291442032,2959612
2026-04-03,14623.617854478467,14640.599023719302,14605.579007391114,14625.922026297172,4375360
2026-04-06,14704.58236818483,14717.69209839866,14692.741957836615,14708.438580618178,1780504
2026-04-07,14670.152867036202,14681.14950625697,14657.193603546399,14669.90393295995,2819073
2026-04-08,14733.245474943365,14745.970146783697,14716.074995556295,14733.63919008364,3188157
2026-04-09,14812.678719141577,14830.99657214343,14801.83601354977,14812.41334113486,3679968
2026-04-10,14776.424982648843,14796.229690626673,14758.306365650516,14775.720478708958,2021983
2026-04-13,14708.251294161935,14723.18976430935,14691.062224715888,14708.086015697461,2693495
2026-04-14,14727.952778089964,14738.049781639194,14710.65671159761,14725.740825912811,2338519
2026-04-15,14705.209596587669,14716.61004470901,14694.207182884993,14707.00955307161,2826650
2026-04-16,14803.290056942255,14816.510862695417,14786.112451494093,14800.619980684673,1963843
2026-04-17,14809.70317790775,14825.48903139368,14792.90499665555,14807.309897018964,2982167
2026-04-20,14774.287726778744,14785.038663236797,14755.978501870526,14786.297438968884,2449238
2026-04-21,14721.645367894045,14741.078940881143,14711.229408331481,14730.688110970974,1181532
2026-04-22,14780.876643512924,14794.527480245768,14770.645536828246,14784.65224591677,4502689
2026-04-23,14757.073188896331,14776.19903107558,14743.343117897546,14758.60503199553,2368980
2026-04-24,14764.039386902981,14781.844604930551,14752.55150406449,14764.9419603628,4291677
2026-04-27,14816.62258604042,14834.176958765574,14801.038741264718,14816.95384704651,3356825
2026-04-28,14797.220316740088,14813.28751253791,14778.04682772502,14797.131314349399,3515091
2026-04-29,14799.751385531483,14816.019223702002,14785.836588228143,14791.525728244756,2323663
2026-04-30,14803.766605960684,14820.146638312846,14785.317102187957,14794.884922273528,3500674
2026-05-01,14842.791865443494,14859.07907931375,14832.789456698316,14842.749856061339,3265008
2026-05-04,14877.202765238122,14892.740047552106,14865.51761880353,14880.164530361712,4657572
2026-05-05,14871.084661060842,14890.948801245671,14860.780425664301,14874.668247719226,1383545
2026-05-06,14879.167840571026,14896.490746245283,14865.886368765876,14888.579163636075,2724391
2026-05-07,14865.49199989568,14883.261463779605,14846.410103938715,14857.423799924181,1221099
2026-05-08,14796.536107368436,14815.260735519272,14785.566586132447,14796.656933477843,2775384
2026-05-11,14814.35172577108,14826.508123398338,14798.287628003642,14819.998334405946,4568918
2026-05-12,14913.906962507957,14924.745004098908,14899.392003116764,14912.724100231211,2075947
2026-05-13,14874.675948742395,14889.50489310838,14855.291266618737,14876.822292777564,2147322
2026-05-14,14840.987918791147,14856.12872574734,14829.762727365776,14853.201961272905,2674112
2026-05-15,14802.422712272248,14820.714530071748,14790.302433767225,14802.039459829975,4018592
2026-05-18,14843.630420983918,14858.068256776742,14833.335001297803,14845.205057348312,4834254
2026-05-19,14871.03895957874,14886.747489834182,14856.699607082426,14870.36141395365,3385023
2026-05-20,14868.101692886383,14883.372402271518,14855.323363890737,14859.574918058712,1638288
2026-05-21,14827.19491356531,14837.576941402884,14808.495854226407,14821.484413795866,4209697
2026-05-22,14836.811684703614,14852.963833669584,14820.762276571637,14841.268366057515,4567312
2026-05-25,14763.58146814551,14781.861901003253,14747.440560765754,14767.354178593565,3689971
2026-05-26,14775.75584382076,14787.330849301517,14760.436736851947,14776.979208923673,2611961
2026-05-27,14824.336466387824,14840.27978372709,14813.417963015532,14824.971328468113,4311784
2026-05-28,14766.781466612267,14782.71757205673,14752.331279775013,14764.243939735843,4720875
2026-05-29,14695.160261261572,14706.802110902136,14675.165209364486,14697.329938492805,1961795
2026-06-01,14779.135813512603,14790.370449249911,14760.783520604144,14773.090399195238,4342028
2026-06-02,14753.549636541145,14773.350155970911,14734.615045999475,14755.45301117916,3582467
2026-06-03,14815.346180084109,14829.283371780639,14797.113916491644,14814.015317539528,1677510
2026-06-04,14812.641994280095,14824.91621156733,14801.611577345786,14820.572479537845,4036717
2026-06-05,14809.535698451356,14821.2489438959,14797.261215910708,14814.112141691667,2995258
2026-06-08,14836.442729063638,14853.11874619947,14826.411512550074,14833.288836271437,1231944
2026-06-09,14797.223337563286,14813.31779053656,14784.188236314505,14792.815247591658,4202518
2026-06-10,14808.822109197281,14825.257630427155,14797.736035173815,14814.391381890831,2900704
2026-06-11,14794.714126120241,14805.594186395356,14779.986192667226,14792.468501294394,3899232
2026-06-12,14733.647727878371,14752.583073713356,14716.876452992632,14732.453904433225,4207507
2026-06-15,14755.471108158536,14769.363772126626,14736.726055208155,14758.123053087364,1106371
2026-06-16,14747.245216931222,14760.378910995525,14729.753045280313,14746.003275048362,3395968
2026-06-17,14744.322921074263,14758.94653554674,14724.937065116477,14742.204087266056,4476981
2026-06-18,14688.732494023214,14702.63315468069,14678.193511119276,14694.312476103758,3131745
2026-06-19,14773.208039730183,14791.843809761574,14763.086241376019,14775.589480594077,1407002
2026-06-22,14821.936421058926,14841.229030810906,14805.323039920564,14831.118630293098,4632980
2026-06-23,14875.02327461126,14888.057806775756,14862.129750509037,14871.153540526231,2844823
2026-06-24,14864.615734266685,14883.255092341284,14852.080724105626,14870.952553555166,4028450
2026-06-25,14783.006173859416,14800.821405154746,14769.697302982479,14792.428518261911,4832511
2026-06-26,14885.485776255002,14904.79385297845,14872.787815676078,14881.904356880905,4638424
2026-06-29,14887.24804959464,14899.7055527165,14872.133685531624,14884.2029432448,1807734
2026-06-30,14854.607896914882,14870.377488416092,14840.206412442642,14861.002987393795,4337864
2026-07-01,14880.22978099238,14892.975226839784,14865.105495478614,14884.826583897855,1217872
2026-07-02,14943.348881055676,14961.58982596052,14926.62174494067,14943.248307448655,3444436
2026-07-03,14946.939963814657,14956.993205720368,14933.068658724946,14941.357576754272,4828923
2026-07-06,15015.592185060705,15031.240376689568,15003.079108189284,15021.93942155108,3432652
2026-07-07,15074.444807582107,15087.836841894827,15062.78280221402,15081.227567567332,3670722
2026-07-08,15025.30685536602,15038.533692436798,15011.812114170692,15019.349586561182,1652739
2026-07-09,14996.276266231822,15012.725329470471,14978.858201479361,14989.772197230084,1907779
2026-07-10,15048.789185869535,15067.304030362675,15031.22213676842,15050.389366975465,1708074
2026-07-13,14917.771109967747,14933.863063881681,14901.102056100905,14920.629363158438,2770971
2026-07-14,14914.886723325508,14933.418453111975,14902.546441572438,14916.487101916056,3120966
2026-07-15,14847.908771580549,14860.55474269936,14832.027909122002,14849.687795010592,3252313
2026-07-16,14828.619274693814,14843.814293241463,14812.912378078046,14824.812652625567,3039242
2026-07-17,14818.190432990443,14832.695798381113,14803.347771009345,14807.44831669986,3546199
2026-07-20,14804.763741553468,14814.8801905485,14789.263951689629,14799.952565757401,2130249
2026-07-21,14781.60897693881,14797.177098370219,14766.691070612575,14782.250245223962,2624804
2026-07-22,14731.182279716419,14747.79752295788,14715.527716055678,14730.283419707297,3183948
2026-07-23,14850.179943466985,14866.099087511175,14833.024883920774,14843.768969397677,2085052
2026-07-24,14947.926198494071,14965.288997481906,14936.829916550038,14941.981212136578,2992363
2026-07-27,14894.166567569511,14909.879962854042,14876.67031004802,14890.704692429192,3754281
2026-07-28,14977.586033173156,14988.253535721664,14966.22717167188,14981.728632555021,3401574
2026-07-29,14961.89582935565,14973.060284596497,14951.229549371546,14968.42590418109,2226642
2026-07-30,14972.607203360501,14988.571949135941,14952.846406498287,14976.647744737807,3028978
2026-07-31,14973.663934753138,14986.413726672874,14954.094017064434,14966.17432419291,2850642
2026-08-03,14944.864873197479,14955.661324487826,14934.260507748073,14939.192384499798,3857547
2026-08-04,14998.21332692353,15012.509354358015,14983.78079250878,15000.628246508297,1126259
2026-08-05,15008.630493995177,15024.173719976014,14996.76804461218,15013.646382352084,2452757
2026-08-06,14988.892318556855,15002.179778440352,14974.03886958551,14990.110172038932,1838628
2026-08-07,14927.718361856334,14944.922698878592,14909.416589426339,14917.099327781276,2409399
2026-08-10,14887.059824592565,14903.497530673578,14867.553706845136,14881.19119583494,2227933
2026-08-11,14808.977322081002,14822.305505691918,14792.634795546486,14807.321706667773,4014445
2026-08-12,14813.539898441733,14831.088623730819,14800.000841769615,14817.980823723368,4332299
2026-08-13,14757.622533333382,14774.109483758713,14741.589277676936,14761.685917530836,1543708
2026-08-14,14748.224571895416,14764.599025682595,14735.104558834331,14750.573059869874,4302036
2026-08-17,14820.573526930548,14836.10780393842,14801.475290522227,14820.445466263014,1792650
2026-08-18,14884.345829091713,14894.459725772598,14865.641824460656,14880.47510240843,1124283
2026-08-19,14886.50244670028,14903.46751853505,14870.920129197484,14890.621920737358,1443108
2026-08-20,14885.881503917091,14899.641921828183,14872.633514763287,14887.70204655319,3826543
2026-08-21,14983.57106343084,15002.997160532426,14970.63716667501,14987.145851903955,3327613
2026-08-24,15013.266962332766,15031.446810043537,15002.932782385715,15015.847952218937,4734073
2026-08-25,15000.496730512179,15016.373675207493,14982.338522001926,14999.762555729922,2913617
2026-08-26,14932.777666797225,14945.299486615417,14918.273834666834,14934.209617535322,4877995
2026-08-27,14956.014688822692,14968.051862755468,14942.763359538689,14956.744988091568,3311354
2026-08-28,15000.985540976271,15014.389389353048,14986.274437426293,15002.236045481395,1142298
2026-08-31,14972.868729622813,14987.634409058614,14954.681349718267,14977.871488695197,1647396
2026-09-01,14990.855548130403,15003.816203230792,14979.609406053327,14993.03862425579,4066927
2026-09-02,14976.064310208927,14991.213605162851,14957.487750326509,14971.105685142315,3893630
2026-09-03,14970.21070907446,14981.864413329591,14951.235620723375,14970.968050956453,3343179
2026-09-04,14849.12807874489,14868.905206873145,14829.660999594551,14842.452111545503,4001046
2026-09-07,14841.307812402225,14852.387057951875,14827.332932477999,14834.45292831124,2944353
2026-09-08,14893.005306130628,14912.324747527171,14880.833902090251,14898.25856113231,1037117
2026-09-09,14864.62434113685,14883.760121250878,14850.887932952184,14869.906010440463,4275708
2026-09-10,14870.399881898142,14885.653486716337,14857.070760935827,14865.136867708563,4019621
2026-09-11,14835.711569877116,14852.960672595476,14823.950030752087,14836.541264268848,3025558
2026-09-14,14856.802835396564,14871.16331837629,14840.730168695549,14852.91632437482,4126452
2026-09-15,14849.005789092182,14865.306134867606,14834.239547487095,14847.339459562942,4355672
2026-09-16,14805.032747033332,14818.438506407543,14786.375737110093,14807.125110640181,1188349
2026-09-17,14874.60928239288,14887.620872590735,14864.288186588059,14879.487056907134,4886467
2026-09-18,14923.9647937058,14939.747091567495,14907.52611443025,14923.540992099603,4598557
2026-09-21,14896.5883525168,14911.56964925864,14878.958863731683,14892.534446859585,1541661
2026-09-22,14924.306705114243,14940.102068805742,14906.71183942236,14916.65870576295,1045452
2026-09-23,14953.966352264444,14966.832958077315,14935.105612593488,14958.070210029313,4326889
2026-09-24,14988.830656657768,15002.500234975938,14971.540319229474,14989.980846604132,2055230
2026-09-25,14906.827401838425,14917.666381444715,14887.549301221949,14899.074495812965,1948784
2026-09-28,14959.827683824513,14970.350447547235,14946.501117826305,14962.023780174894,2235789
2026-09-29,14933.973239048339,14946.507810345069,14918.941144880822,14932.373359510071,3220471
2026-09-30,14918.673043475355,14929.415512068661,14908.532246842526,14917.53833193128,1892078
2026-10-01,15053.119194961599,15064.156942047946,15043.049619088566,15055.779338209702,1219015
2026-10-02,15070.725971375947,15088.855255429886,15058.324705171432,15069.882489051095,4606838
2026-10-05,15053.884194831146,15064.272931801312,15042.876122859754,15051.855744732982,2861591
2026-10-06,14946.05527514896,14962.644703088306,14933.453161469602,14948.656237599953,2821969
2026-10-07,15017.940959858412,15030.666537346566,15006.170526913127,15015.92127616542,2667106
2026-10-08,14953.039876073679,14971.75533288076,14942.754675825292,14960.600430404364,1923864
2026-10-09,14905.189510346298,14920.039433192072,14886.096468882237,14912.413283555547,1578256
2026-10-12,14890.905927637661,14903.96169223094,14880.823696323772,14888.62120361432,1659103
2026-10-13,14963.973290421305,14979.1496797782,14946.612468977934,14954.555447896546,2448951
2026-10-14,15004.845106993798,15018.664687184251,14993.323628124603,14995.985456817045,3260375
2026-10-15,14999.126410680741,15014.769421327439,14980.004114460746,14996.634427186616,3228742
2026-10-16,15016.677887564676,15027.82321624794,14997.749928168778,15009.470749257727,3375948
2026-10-19,14988.759518280218,15008.729423308343,14972.220506816526,14991.51426756777,2520253
2026-10-20,14997.807521320425,15012.063080097392,14981.08517982242,14997.237118320038,2685978
2026-10-21,15003.504456136608,15016.986762533683,14993.451064716912,14997.202829392227,1245615
2026-10-22,15053.938217441932,15071.040315925095,15034.089501780796,15043.490489705538,1775492
2026-10-23,15104.257962917618,15117.896956982571,15085.47963688186,15103.167963133947,1988515
2026-10-26,15130.883661900609,15149.216404950896,15111.932599643307,15131.251646470702,2413209
2026-10-27,15114.659535732066,15129.20224297567,15098.067090361557,15111.505576676782,1234537
2026-10-28,15153.610768771177,15170.806352903832,15140.162899484632,15147.198908268572,2221996
2026-10-29,15150.839788445735,15161.914320610154,15131.903301954831,15149.265767596318,3827934
2026-10-30,15098.53930881002,15117.000500665572,15085.624139528509,15107.67181782416,4222729
2026-11-02,15080.138437886826,15097.495617754606,15064.511322453403,15082.393382305101,4657497
2026-11-03,15086.09708239102,15098.214250175639,15075.09977266758,15082.419641968783,1076757
2026-11-04,15133.309452816016,15144.762312913474,15114.089896514688,15129.648865541936,2597259
2026-11-05,15125.804432970686,15138.967356457943,15114.396728392974,15119.85147202079,1133407
2026-11-06,15066.986227386764,15086.746933247083,15054.73725932946,15076.031899857466,2674842
2026-11-09,15071.435928326831,15084.004244072501,15055.854586745549,15070.338637081672,2511904
2026-11-10,15078.692791151916,15093.254063241382,15061.051861149786,15068.312177636819,3341500
2026-11-11,15089.540746161074,15099.840948418247,15073.347233101711,15085.090718957761,1655860
2026-11-12,15137.06298817627,15151.035263471933,15124.741649048268,15140.204963811273,2697405
2026-11-13,15189.510999947912,15205.224200102242,15179.501569522638,15190.697646707562,4369011
2026-11-16,15161.276091289572,15180.807337414652,15143.704585486497,15160.876482843372,4940243
2026-11-17,15131.918950691967,15147.086311141367,15112.066877432855,15123.454583251874,1368742
2026-11-18,15081.334067204863,15099.52514046664,15063.234936001803,15084.21274316963,3309480
2026-11-19,15117.6755549589,15133.146831384589,15103.073488777334,15114.867814080866,1398759
2026-11-20,15191.49355897696,15201.901409111315,15172.455886362968,15176.396420852117,4132090
2026-11-23,15177.093407226599,15190.243489978497,15162.994930495415,15174.762923383605,1707597
2026-11-24,15166.353430601845,15182.108925680155,15151.10408975941,15171.512256297634,2406891
2026-11-25,15241.002386922046,15260.508326581357,15226.23108924809,15241.435060681724,2693287
2026-11-26,15267.569063525529,15286.16036712304,15253.092824798874,15278.316520886576,1745076
2026-11-27,15290.649275213904,15302.932831355693,15272.897367520965,15290.059939181072,1530901
2026-11-30,15232.352214066279,15244.55331236647,15217.084524993585,15232.512709491428,1896465
2026-12-01,15267.518422461604,15279.530152132744,15254.351251241353,15266.29871035746,2246511
2026-12-02,15222.273161823945,15241.49815078697,15209.69158014736,15225.253434428345,4055196
2026-12-03,15166.766178361477,15185.292839892494,15156.388705191803,15169.523654366552,1862634
2026-12-04,15150.604819819875,15168.353654142404,15134.772868201044,15150.05191421131,2992335
2026-12-07,15122.476330158093,15136.403681300335,15110.176716004084,15125.944534462544,2570925
2026-12-08,15112.54215635705,15127.585963400039,15101.060817136888,15109.644234119509,1085666
2026-12-09,15041.62429429653,15056.26761174448,15025.085994658253,15035.297334057746,3643508
2026-12-10,15090.682488221104,15103.216469296698,15073.870395642889,15082.927457215415,1835489
2026-12-11,15148.171096218868,15163.221376680356,15130.64954729629,15157.16373472671,1805378
2026-12-14,15051.895941434248,15062.200906912776,15036.860172470862,15052.182254200172,3773059
2026-12-15,15101.899242209645,15113.21734594462,15082.958696157606,15099.610482059514,1609525
2026-12-16,15062.442433331937,15081.308329293626,15043.079005797954,15056.906094194324,4131780
2026-12-17,15106.350819791049,15123.867617461363,15088.277110393125,15109.189075430619,1267913
2026-12-18,15103.978870652698,15118.207554743289,15087.622935832616,15102.332388555687,4825971
2026-12-21,15106.459572826026,15121.631076448864,15093.422363290114,15108.597564575148,4731356
2026-12-22,15098.23894877513,15111.93893763473,15078.409499558928,15090.29111701751,2127775
2026-12-23,15159.872790906698,15177.280589578306,15147.13142923478,15163.007353693629,4249950
2026-12-24,15098.914687504926,15116.756559297248,15086.888118285022,15099.703171100102,4130433
2026-12-25,15130.32271121427,15147.955563116302,15115.901170076404,15128.100310811202,3331083
2026-12-28,15186.400732143333,15203.626849391678,15175.83232643621,15193.40011959298,1166234
2026-12-29,15223.225552931983,15235.270596318911,15203.440608285266,15211.667063259438,3578756
2026-12-30,15340.465419133161,15353.845118925567,15324.581083568997,15342.036982568852,3052004
2026-12-31,15315.02090601244,15329.719360362276,15299.451385095797,15318.007803396802,3130586
2027-01-01,15363.8876783351,15377.195608249378,15347.329715536103,15357.864443514984,1808534
2027-01-04,15359.584186103999,15377.133588105582,15344.613949626228,15356.772126560243,2070112
2027-01-05,15422.255840163149,15435.549375405648,15411.935204992204,15422.627161792594,4878979
2027-01-06,15422.873853562181,15434.256174430035,15406.750740673777,15421.913638604217,3820282
2027-01-07,15404.484442389727,15418.47484691021,15387.322703620162,15402.134500306116,2153215
2027-01-08,15470.795146264121,15490.594290591946,15456.627655657881,15475.778785425871,1443604
2027-01-11,15447.227658690272,15459.486472819608,15429.65470296956,15453.38548615727,4720791
2027-01-12,15377.606294345713,15393.727880935145,15365.336281352329,15376.99349729799,3652587
2027-01-13,15352.783984808859,15367.113715307256,15340.571218898196,15345.26656724921,4458398
2027-01-14,15384.761572531059,15395.471818207552,15373.147402654184,15388.439228346022,2203307
2027-01-15,15455.396148656726,15470.274914716707,15441.676201058834,15464.392130767408,2813743
2027-01-18,15461.992743819466,15479.01438710595,15443.522623465575,15463.232347101019,3201815
2027-01-19,15528.950998127713,15544.083197885991,15510.671877506222,15521.938794319338,4883184
2027-01-20,15462.099710929697,15480.820771567163,15448.271468850062,15463.926658392436,2947188
2027-01-21,15441.003834244362,15453.893204410939,15425.11264688456,15433.910308226692,4532105
2027-01-22,15427.652988429469,15438.515480142509,15410.44482526472,15427.69443017343,1023088
2027-01-25,15423.014312139712,15442.379968256293,15410.602244393433,15419.734654311369,2117040
2027-01-26,15428.320478667962,15442.102442163245,15416.639067809014,15427.870111051987,3089585
2027-01-27,15463.98038780561,15479.744443320147,15444.259427873487,15456.980246465348,2940929
2027-01-28,15442.86807826202,15460.78810952332,15426.692505129924,15444.374430752296,1846430
2027-01-29,15450.961967536887,15464.205104175642,15431.147810318551,15445.844748861407,2875390
2027-02-01,15449.863446195173,15467.02509157695,15436.485886323851,15452.639299466653,4436056
2027-02-02,15404.742482028132,15416.09667052631,15387.712165028392,15402.016170552182,3248323
2027-02-03,15400.249319684679,15413.162257156733,15388.023283319266,15395.659475099379,4084466
2027-02-04,15394.273882944077,15405.720989305442,15381.661881231337,15396.825820586035,4891594
2027-02-05,15387.245481691605,15405.35778727562,15372.126460478908,15388.498295618048,2795216
2027-02-08,15390.07788111243,15402.304373464696,15376.88169985735,15384.650391621693,2086315
2027-02-09,15395.12548914492,15412.299524698972,15383.449273506514,15409.079031883773,2188037
2027-02-10,15374.794862600313,15394.227846572769,15362.16605558042,15380.57910191018,1017352
2027-02-11,15439.73562202096,15455.013344111649,15429.378138076301,15441.429438326979,1126788
2027-02-12,15382.588184124028,15397.988476046636,15365.543947909253,15388.842234611455,1414364
2027-02-15,15347.88851498936,15362.498850670338,15332.9673484185,15356.942177591352,4701844
2027-02-16,15488.258438184837,15501.517339618773,15477.316007520792,15488.689926458213,3689480
2027-02-17,15437.754171904684,15452.510722213932,15426.0372319734,15441.01096452584,3022875
2027-02-18,15371.485943470703,15387.51401879337,15360.460598089578,15369.04729435146,1976124
2027-02-19,15409.65412450105,15429.514040222757,15393.528196418292,15410.785154566685,4502151
2027-02-22,15307.267938763047,15326.645584356229,15296.325835126921,15310.490396972777,4240158
2027-02-23,15297.000127871815,15315.621657454747,15279.457304541464,15298.463616166213,4897619
2027-02-24,15405.81394042442,15424.705245781468,15395.608831231215,15411.820840899527,3547482
2027-02-25,15330.116985647908,15344.79547748083,15317.62322776795,15334.00849486853,4055367
2027-02-26,15232.596460134006,15249.17090340578,15213.689793375086,15232.618561671932,1640245
2027-03-01,15159.243527495591,15178.194194724954,15142.05821431437,15154.072491386516,1542036
2027-03-02,15205.79662190955,15219.726129559464,15195.066938580294,15202.704198541172,2661500
2027-03-03,15263.700110675029,15283.317735458484,15245.488849630177,15261.671254447014,2737627
2027-03-04,15239.765396756342,15253.923257377033,15224.83504554094,15237.96794849937,1115158
2027-03-05,15275.65134039219,15291.662167046123,15257.183510120503,15279.676710035672,2268165
2027-03-08,15346.920539787545,15364.018586920269,15330.91314204304,15341.651169547391,2244930
2027-03-09,15438.07590272281,15457.58182285357,15421.257572402483,15437.632622387171,2802180
2027-03-10,15427.579277013092,15440.025439753616,15407.644261409136,15428.599898072445,3812872
2027-03-11,15314.358399692106,15331.819709474492,15302.035044232865,15315.427989481195,2320966
2027-03-12,15275.200193371371,15290.408349232812,15258.960737623756,15276.986621677499,3339003
2027-03-15,15255.77920244707,15268.464773853275,15241.175988546494,15254.122670985245,3156547
2027-03-16,15244.785394830817,15262.551463228781,15234.39087530159,15249.75508555181,4833574
2027-03-17,15237.379891158675,15252.902113960414,15227.235184743646,15238.926286632983,4569284
2027-03-18,15295.346828613832,15311.956566820329,15284.154542835653,15301.390882191634,2002378
2027-03-19,15361.125591778033,15374.35460246381,15344.634674372648,15351.769356381197,2361020
2027-03-22,15354.634764192284,15369.44750371056,15338.96313331315,15352.388758469911,4542030
2027-03-23,15411.687741162217,15427.861283672099,15396.15344555058,15413.490227994811,1222143
2027-03-24,15431.735771114669,15445.784879257368,15421.417203489385,15436.269517613408,3883553
2027-03-25,15437.16259570902,15449.146321107497,15422.46956574542,15443.272706540227,3898444
2027-03-26,15484.728215068304,15504.344619991458,15465.48198688988,15482.958180106341,3638453
2027-03-29,15490.616420975504,15505.73109637593,15476.640502282398,15498.583208138467,1400623
2027-03-30,15595.820066850076,15613.159270552953,15579.57084215219,15593.069937219274,4703558
2027-03-31,15526.250355564329,15540.36082749989,15508.452168808097,15531.049730211715,4170663
2027-04-01,15502.880679074166,15516.431996714422,15485.041426282747,15504.824047132077,3597381
2027-04-02,15498.981870239002,15513.053513223673,15483.78906941505,15493.853998421202,3670519
2027-04-05,15523.420139123002,15537.512105560858,15504.840619668978,15522.711558801178,1034111
2027-04-06,15589.322511558628,15604.764312718047,15575.408730624991,15589.830342493859,3940134
2027-04-07,15590.645844851482,15606.080543551296,15571.758912703634,15592.04765109584,3303921
2027-04-08,15522.116721863755,15537.088260022583,15509.7144501998,15522.284997169025,1482333
2027-04-09,15566.8640425958,15578.211900444974,15554.061878525894,15564.600658357127,2539605
2027-04-12,15607.273026085202,15622.233780870207,15596.741819843211,15616.333273270524,3315160
2027-04-13,15512.880694624071,15524.571733628278,15494.924876258649,15509.254700471185,1040565
2027-04-14,15515.430766972739,15526.692124835696,15501.260214610411,15518.108281344012,4165011
2027-04-15,15438.703737291866,15458.030194465278,15426.412571152752,15441.094625383794,4998630
2027-04-16,15408.291116442939,15424.340616574416,15395.973213666774,15418.490231416732,2279938
2027-04-19,15366.01054966582,15382.605450247065,15346.996550253527,15361.409327103618,1611204
2027-04-20,15409.373667055916,15423.39160375925,15391.034501051305,15404.142334749042,2128128
2027-04-21,15418.155102478946,15437.244911398095,15402.619793625374,15427.554938417314,2038734
2027-04-22,15356.8555486722,15373.234853567996,15340.694440668043,15354.739915163544,1038233
2027-04-23,15403.878921788588,15421.570620483824,15389.135666083084,15413.358514814276,2569986
2027-04-26,15335.248777455916,15348.934402146193,15321.332112027128,15339.592459984635,1284839
2027-04-27,15354.85466283588,15374.454781644072,15335.699894023697,15354.304089301082,2007992
2027-04-28,15317.294335266675,15335.498948168259,15306.038208231472,15311.70211083978,2699304
2027-04-29,15302.190642085232,15320.730126715378,15288.006174188069,15304.271558930364,1173806
2027-04-30,15330.624224479197,15342.346167153455,15317.178605399318,15330.270536544054,1343401
2027-05-03,15359.956536483398,15372.66616856211,15344.975029280886,15364.65668758802,3885089
2027-05-04,15430.10452633364,15442.960792330476,15415.528207588188,15437.186735840532,2971443
2027-05-05,15429.330952796852,15442.04004502932,15414.142057480341,15424.666115359112,4063364
2027-05-06,15448.032047957968,15466.586129579011,15436.632858185698,15455.615402702297,3402910
2027-05-07,15429.563023901404,15439.881871853491,15414.431608886272,15430.98375114995,4146738
2027-05-10,15442.119483884457,15452.880483774265,15429.695295745585,15446.654953271978,1244300
2027-05-11,15467.589693982278,15480.328842688577,15455.746380492395,15470.531061151165,4650730
2027-05-12,15466.208853602242,15478.207583348736,15455.56051141438,15457.17155892675,4800576
2027-05-13,15379.59451260715,15391.913108745977,15361.967987019589,15376.163435720144,1150933
2027-05-14,15399.7795433288,15417.758975221332,15385.505124120235,15395.853511796198,4563069
2027-05-17,15421.657161924713,15437.288427863634,15405.390725091596,15420.326547613024,1779470
2027-05-18,15391.335832532452,15401.393539145382,15374.059899099404,15392.626740303062,1664729
2027-05-19,15330.841350575252,15345.134578232295,15314.048183922117,15331.117135256582,1682031
2027-05-20,15408.39741405273,15422.476263321234,15393.692406861834,15413.824789423521,4090056
2027-05-21,15436.768727416375,15447.90818011082,15422.889742126858,15437.107730722406,4210240
2027-05-24,15429.1503265148,15445.911744400815,15415.390727418393,15424.15960621126,2146602
2027-05-25,15376.170612112493,15393.191583996288,15359.770124143193,15363.876619036877,2124232
2027-05-26,15338.987731301802,15356.196663492323,15324.039787752383,15340.86226943075,2789695
2027-05-27,15408.06067995089,15425.345389406475,15389.569357471004,15406.387741106984,3456982
2027-05-28,15418.922397092265,15428.922925361589,15400.175377248997,15409.664422608383,4320938
2027-05-31,15395.406464112957,15414.945672151425,15383.700860332892,15390.820129993901,4330220
2027-06-01,15424.938741354701,15443.080829025248,15413.576404839243,15424.654900864882,4082745
2027-06-02,15388.30062422449,15407.340441190383,15371.99661496413,15388.696070652932,3374785
2027-06-03,15467.458112176628,15477.614545129702,15454.445854696005,15469.359589031385,3156941
2027-06-04,15539.24657374591,15558.585161703768,15529.060866558259,15544.766169538852,4739941
2027-06-07,15520.098944321422,15538.196829608303,15501.212517627793,15527.745009853912,4457575
2027-06-08,15492.878673260184,15511.250864689771,15480.609665587746,15490.752244858531,2529278
2027-06-09,15366.216936721768,15377.149810568988,15346.92413020491,15366.442264847235,4222353
2027-06-10,15296.414005899733,15313.801786188918,15279.23966139095,15296.757217505578,2824382
2027-06-11,15233.747299021841,15253.346465918263,15216.120764122727,15238.206960641086,4859316
2027-06-14,15244.843749516986,15261.629222931168,15232.829134559053,15245.046604428782,3618716
2027-06-15,15232.8986146934,15248.604228739647,15220.556670437232,15239.938851457893,3624491
2027-06-16,15170.027461180653,15189.483757958142,15154.814783642412,15173.625394592003,1169162
2027-06-17,15160.393392230702,15174.822763448046,15148.672393704204,15158.350353651536,2601669
2027-06-18,15190.112325529952,15206.105261193057,15177.058008603122,15191.521514753524,4764994
2027-06-21,15220.983730915454,15235.747113850397,15207.769106135976,15220.560330698501,3928141
2027-06-22,15130.50642499796,15149.834887211564,15118.910125665432,15136.818398191686,1395771
2027-06-23,15128.62562686865,15139.386474136305,15116.573798534699,15122.081252588629,4720257
2027-06-24,15064.016518730365,15079.027715738619,15046.131000310283,15062.432599513872,4092959
2027-06-25,15113.685815917004,15130.555340330859,15102.013857371532,15118.26113511444,4273566
2027-06-28,15157.500297495273,15175.419362879495,15147.215723576834,15161.48265976413,3687434
2027-06-29,15117.229752443724,15133.059938918164,15100.936203017434,15123.732777189744,3473301
2027-06-30,15083.581311684744,15102.670489125958,15063.82148049082,15087.116098678744,3899650
2027-07-01,15065.194119990147,15084.614034458986,15051.881981843915,15068.210604167747,3757233
2027-07-02,14957.252281971912,14967.895474203848,14946.06572493995,14958.064045059387,2912990
2027-07-05,14978.769513983589,14992.793219379002,14963.065640729914,14979.407757811867,3889888
2027-07-06,14969.86641394766,14980.101004164871,14950.802871836704,14967.468436021622,4388669
2027-07-07,15023.133903481104,15036.42807005485,15005.29328568282,15011.73238789051,4712983
2027-07-08,14972.991082435852,14988.359764615558,14956.765923751725,14971.055212704794,1755584
2027-07-09,14946.830768071226,14965.938717376326,14933.68020310515,14942.387264899771,1340907
2027-07-12,14876.317812867701,14894.783356092355,14860.89901113494,14884.232588350946,4972622
2027-07-13,14830.933341493916,14842.208338760636,14820.020893080873,14830.81036832074,4741850
2027-07-14,14776.68031533303,14787.610619080438,14759.890861090222,14772.784035336932,3470319
2027-07-15,14831.340351079218,14847.233024466785,14814.089390890242,14835.14519433868,3069530
2027-07-16,14801.303143803303,14816.62432352789,14781.652827574204,14801.250199538297,1642059
2027-07-19,14812.401595931628,14825.065372345927,14799.797622344176,14806.788324773157,3172994
2027-07-20,14798.266120206772,14817.260651052311,14788.081556016341,14802.316576721689,3099741
2027-07-21,14739.707816578315,14758.98148067293,14724.251731934044,14739.940771437356,3484319
2027-07-22,14736.219254006932,14750.245368390333,14719.151348962963,14725.975694233617,4576022
2027-07-23,14771.111607204763,14790.014632775898,14753.207532445933,14768.159701444729,4377345
2027-07-26,14715.67077700248,14729.51026594511,14703.733387672233,14715.704125198588,3152070
2027-07-27,14761.08272959798,14778.450897916277,14748.465200907609,14762.883294754485,2979681
2027-07-28,14723.5613873542,14738.320809529678,14708.435478101528,14715.966986697218,1007711
2027-07-29,14704.384499426054,14715.610330991127,14691.078491326354,14709.102739073978,2266548
2027-07-30,14735.897779223838,14755.17712123621,14717.292664357963,14735.724377502627,1321574
2027-08-02,14707.711118276864,14722.252084210639,14692.973516739477,14707.80056585836,3815839
2027-08-03,14714.580237005244,14731.925107408468,14696.584450564224,14716.257987178045,2278890
2027-08-04,14703.84050366023,14717.512241804543,14688.034306055408,14698.832892660457,1750506
2027-08-05,14715.307346131405,14725.496154917168,14697.576444715234,14713.818079681865,3986189
2027-08-06,14601.271667285113,14612.276970872032,14587.94493741981,14598.27558091583,4673986
2027-08-09,14514.790886364855,14529.753081159755,14496.476720145552,14508.631972949417,1258989
2027-08-10,14550.593778218998,14567.493421790261,14537.848055063487,14555.53797589365,4477407
2027-08-11,14607.457819572646,14620.80517283844,14591.996831492614,14613.859371459535,1873002
2027-08-12,14566.938082622251,14583.892967214028,14554.798011490513,14572.9696362197,3218467
2027-08-13,14559.740088179884,14576.726444074204,14544.984822963623,14565.470521344616,1953680
2027-08-16,14579.477497187174,14596.516856260452,14566.295745092088,14578.803147643459,4519983
2027-08-17,14619.137045876521,14634.062264416727,14606.470011570149,14612.278039347595,1303874
2027-08-18,14522.74827330517,14541.897134806384,14503.078423124889,14529.938466576135,4621112
2027-08-19,14483.43697596962,14498.328941149426,14471.836234914752,14495.355162479113,2717321
2027-08-20,14471.793549340922,14486.296201275889,14453.920290966349,14477.822279989967,4268980
2027-08-23,14511.930134339327,14523.923942529433,14492.088484744496,14506.327283942064,4282750
2027-08-24,14641.824474248788,14654.901025122352,14631.625459411387,14637.490070573223,2805166
2027-08-25,14635.38945474153,14645.812799666712,14618.399180601109,14626.777576644812,2253159
2027-08-26,14569.99751312797,14586.332866064131,14557.468395072407,14563.481967730198,4067665
2027-08-27,14595.058730027356,14607.544087466627,14584.653851784073,14595.562076533299,4101506
2027-08-30,14666.046434635231,14679.087987180086,14652.017538845665,14673.581152803286,4039933
2027-08-31,14676.374382417358,14694.082527634002,14657.02220431565,14674.844052815464,1682121
2027-09-01,14635.957752283673,14649.229964115288,14625.840101340003,14639.046647229388,1195507
2027-09-02,14688.761035248004,14701.182994168135,14672.882178328706,14693.910571069942,3161096
2027-09-03,14726.828929099094,14738.519506590432,14711.814964313142,14723.146758892624,1465718
2027-09-06,14680.401770320263,14698.150354342082,14661.667928676552,14690.086798792916,2156013
2027-09-07,14704.335454104268,14715.632516684169,14693.495436959061,14714.524448859102,2175370
2027-09-08,14759.045909646016,14773.58344724852,14742.23064934715,14757.251491604433,1334267
2027-09-09,14822.971624061749,14838.040925222522,14806.170527077416,14819.218054829875,3382176
2027-09-10,14824.463689989043,14841.3375891159,14807.77288982042,14828.041429700112,4085283
2027-09-13,14811.356808746012,14827.689643569342,14791.933463796662,14808.073928970407,4580697
2027-09-14,14877.499448240542,14895.606654969994,14859.268572950474,14871.654837874898,4111322
2027-09-15,14821.751517029228,14832.199031368491,14811.331789766793,14828.171603835255,3971413
2027-09-16,14848.421016839633,14861.385424087426,14833.710188332589,14853.630043146393,1656921
2027-09-17,14784.639965680632,14797.441306868386,14770.660435118618,14784.82842901232,3150357
2027-09-20,14842.608116183921,14854.068285239842,14829.506643973013,14835.473140837785,1106948
2027-09-21,14834.383554104807,14847.275336643372,14819.870186853266,14827.425130492233,2370530
2027-09-22,14902.468135196117,14915.565788337546,14888.626193346858,14902.632137284298,3472385
2027-09-23,14931.671235662005,14946.890080281279,14917.347896663217,14929.619633299722,2637346
2027-09-24,14875.119077078622,14891.756121867884,14855.326458422534,14871.8358254845,2379912
2027-09-27,14950.93506326872,14964.746068404838,14940.048733521224,14957.507216738331,1611442
2027-09-28,15033.057038958226,15050.25174127136,15013.83473025984,15035.709132352711,4756082
2027-09-29,15081.705564828047,15095.067218213844,15066.903197693337,15087.875921356079,3315632
2027-09-30,15048.13424800224,15061.037084775387,15031.896825547245,15041.513839044428,3613137
2027-10-01,15037.314898681427,15052.726779239996,15019.01306901525,15034.15396628419,2732266
2027-10-04,15049.040287417007,15059.277451020065,15035.435657125514,15051.151462550091,2457931
2027-10-05,15018.280893230878,15029.078784467218,15003.976674149999,15018.768121013672,1128514
2027-10-06,15107.295875179365,15121.47557061523,15093.200690376578,15115.000032408841,3916561
2027-10-07,15118.880820677019,15138.309947790936,15105.133510451662,15123.824412650818,1004983
2027-10-08,14988.052461495612,15005.267579294046,14968.797168279143,14996.272919307123,1695269
2027-10-11,15009.32918110137,15020.210446796375,14991.03988218944,15008.325253501524,2025926
2027-10-12,14996.199602623226,15014.662782751035,14985.109602724597,15005.19702997576,4341280
2027-10-13,14996.700417454766,15014.023425160847,14985.619183929995,14998.2037298115,4456901
2027-10-14,14982.484944441674,14998.5944096987,14968.206249293144,14983.471765555341,4822417
2027-10-15,15027.020627234804,15045.223556840896,15016.034053467476,15035.183527173382,4792684
2027-10-18,15087.155771738386,15101.196870215816,15070.964840785675,15094.145746353712,1167806
2027-10-19,15105.426119035103,15117.641129543641,15093.989202962486,15109.461350999618,4974997
2027-10-20,15092.544735717209,15107.664969608297,15077.32100307754,15092.077127483246,3826866
2027-10-21,15094.528105050016,15110.01652260595,15084.455905579978,15104.122889240607,4353254
2027-10-22,15099.523949270766,15114.907212990865,15086.357985786639,15089.672706107352,4384754
2027-10-25,15063.383538545895,15079.034276460696,15046.611631309168,15055.711781377397,1641800
2027-10-26,15096.27589811347,15115.762947295862,15081.435508711193,15102.00739912187,1066786
2027-10-27,15123.188399403645,15142.210855634608,15103.405704543655,15122.878821870398,3364054
2027-10-28,15204.084940780082,15222.84211114567,15185.343902819419,15207.120575238165,2413387
2027-10-29,15270.690654195445,15288.704822304531,15257.099946405013,15273.224421966932,2509491
